ISOID,ISONIAZID,RIFAMPICIN,ETHAMBUTOL,PYRAZINAMIDE
10155,1,1,1,1
10155,1,1,1,1
14-13759,0,0,1,1
14-13760,0,0,1,1
14-13762,0,0,1,0
14-13763,0,1,1,1
14-13764,0,0,0,0
14-13765,0,0,0,0
14-13766,0,0,1,0
14-13767,0,1,1,1
14-13768,1,1,1,1
14-13769,0,1,1,1
14-13770,0,0,0,0
14-13771,0,1,1,1
14-13772,0,0,1,1
14-13773,0,0,1,0
14-13774,0,0,1,0
14-13775,0,0,1,0
14-13776,0,0,1,0
14-13777,0,0,1,0
14-13778,0,0,1,1
14-13779,0,0,1,0
14-13780,0,0,1,0
14-13781,0,0,1,0
14-13782,0,0,0,0
14-13783,0,0,1,1
14-13784,0,0,1,0
14-13785,0,0,0,1
14-13786,0,0,1,0
14-13787,0,0,0,0
14-13788,0,0,1,0
14-13789,0,0,1,1
14-13790,0,0,1,0
14-13791,0,0,1,0
14-13792,0,0,0,0
14-13793,0,0,1,1
14-13794,0,0,0,1
14-13796,0,0,0,0
14-13797,0,0,1,0
14-13798,0,0,1,0
14-13799,0,0,1,0
14-13800,0,0,1,1
14-13801,0,1,1,1
14-13802,0,1,1,1
14-13803,0,0,1,1
14-13804,0,0,1,0
14-13805,0,0,1,1
14-13806,0,0,0,0
14-13807,1,1,1,1
14-13808,0,0,1,0
14-14194,0,0,0,0
14-14195,0,0,1,1
14-14196,0,0,1,1
14-14197,0,0,1,1
14-14198,0,0,0,1
14-14199,0,0,1,1
14-14200,0,0,1,1
14-14201,0,0,1,1
14-14202,0,0,0,0
14-14203,0,0,1,1
14-14204,0,0,0,1
14-14205,0,0,0,0
14-14206,0,0,0,0
14-14207,0,0,1,0
14-14208,0,0,1,1
14-14209,0,0,1,1
14-14210,0,0,1,0
14-14211,0,0,1,0
14-14212,0,0,1,1
14-14213,0,0,1,1
14-14214,0,0,0,0
14-14215,0,0,0,0
14-14216,0,0,0,1
14-15076,0,0,1,1
14-15077,0,0,1,0
14-15078,0,0,1,0
14-15079,1,1,1,1
14-15081,0,0,1,1
14-15082,0,0,1,0
14-15083,0,0,1,1
14-15084,0,0,1,1
14-15085,1,1,1,1
14-15086,1,0,1,1
14-15087,0,0,0,0
14-15088,0,0,1,1
14-15090,1,1,1,1
14-15091,0,0,1,0
14-15092,0,0,0,0
14-15093,0,0,0,0
14-15094,0,0,1,0
14-15095,0,0,0,0
14-15096,0,0,1,0
14-15097,1,1,1,1
14-15098,0,0,1,1
14-15099,1,0,1,1
14-15101,0,0,0,0
14-15102,1,1,1,1
14-15103,0,0,1,1
14-15104,0,0,1,0
14-15105,1,0,1,1
14-15106,0,1,0,1
14-15108,1,1,1,1
14-15110,0,1,1,1
14-15111,0,0,1,0
14-15113,0,0,1,1
14-15115,0,0,0,0
14-15116,0,0,1,1
14-15117,1,0,1,1
14-15118,0,0,1,0
14-15119,0,0,0,0
14-15120,0,0,1,0
14-15122,0,0,0,0
15-01771,0,0,0,1
15-01772,0,0,0,0
15-01773,0,0,0,0
15-01774,0,0,0,0
15-01775,0,0,0,1
15-01776,0,0,0,0
15-01777,0,0,0,0
15-01778,0,0,0,0
15-01779,0,0,0,1
15-01780,0,0,0,0
15-01781,0,0,0,0
15-01782,0,0,0,1
15-01783,0,1,1,0
15-01784,0,0,1,0
15-01785,0,0,1,0
15-01786,0,0,0,1
15-01787,0,0,0,0
15-01788,0,0,1,1
15-01789,0,0,0,0
15-01790,0,0,1,0
15-01791,0,0,1,0
15-01792,0,0,1,0
15-01794,0,0,0,0
15-01795,0,0,1,1
15-01796,0,0,0,0
15-01797,0,0,1,1
15-01798,0,1,1,1
15-01799,0,1,1,1
15-01800,0,0,0,1
15-01801,0,0,0,0
15-01802,1,0,1,1
15-01803,0,0,0,0
15-01804,0,0,1,1
15-01805,0,0,0,1
15-01806,0,0,1,1
15-01807,0,1,1,1
15-01808,0,0,0,0
15-01809,0,0,1,1
15-01810,0,0,1,1
15-01811,0,0,0,0
15-01812,0,0,1,1
15-01813,0,0,1,1
15-01814,0,0,1,0
15-01815,0,0,1,1
15-01816,0,0,1,0
15-01817,0,0,0,0
15-01818,0,0,0,0
15-01819,1,0,1,1
15-01820,0,0,0,0
15-01821,0,0,1,0
15-01822,0,0,1,1
15-01823,0,0,0,0
15-01824,0,0,0,0
15-01825,0,0,0,1
15-01826,0,0,1,0
15-01827,0,0,1,1
15-01828,0,0,0,1
15-01829,0,0,0,1
15-01830,0,0,1,1
15-01831,0,0,0,0
15-01832,0,1,1,0
15-01833,0,0,0,0
15-01834,0,0,1,0
15-01835,0,0,0,0
15-01836,0,0,0,0
15-01837,0,0,1,1
15-01838,0,1,1,0
15-01839,0,0,1,1
15-01840,0,0,1,1
15-01841,0,0,0,1
15-01842,0,0,0,1
15-01843,1,0,1,1
15-01844,0,0,0,0
15-01845,0,0,1,0
15-01846,0,0,1,0
15-01847,0,1,1,1
15-01848,0,0,0,0
15-01849,0,0,0,0
15-01850,0,0,1,1
15-01851,0,0,0,1
15-01852,0,0,0,1
15-01853,0,0,1,0
15-01854,0,0,0,0
15-01855,0,1,1,1
15-01856,1,1,1,1
15-01857,0,0,1,1
15-01858,0,0,0,0
15-08882,0,0,1,0
15-08883,0,0,0,1
15-08884,0,0,1,0
15-08885,0,0,1,0
15-08886,0,0,0,0
15-08887,0,0,1,1
15-08888,0,0,0,0
15-08889,0,0,1,1
15-08890,0,0,0,0
15-08891,0,0,0,1
15-08892,0,0,0,1
15-08893,0,0,1,1
15-08894,0,0,1,1
15-08937,0,0,0,0
15-08958,0,0,0,0
15-08962,0,0,0,0
15-08967,0,0,0,0
15-08968,0,0,0,0
15-08985,0,0,0,0
15-08991,0,0,0,0
15-14166,0,0,1,1
15-14169,0,0,1,1
15-14170,0,0,0,0
15-14171,0,0,0,0
15-14175,0,0,0,1
15-14183,0,0,1,1
15-14184,0,0,0,0
15-14185,0,0,0,1
15-14189,0,0,0,0
15-14191,0,0,0,0
15-14193,0,0,1,0
15-15481,0,0,1,1
15-15485,0,0,1,1
15-15486,0,0,1,1
15-15497,0,0,0,0
15-15501,0,0,1,1
15-15502,0,0,0,0
15-15513,0,0,1,1
15-15526,0,0,1,1
15-15527,0,0,0,0
15-15528,0,0,1,1
15-15529,0,0,1,0
16-04646,0,0,1,1
16-04647,0,0,0,0
16-04648,0,0,0,0
16-04649,0,1,0,0
16-04650,0,0,0,1
16-04651,0,0,1,1
16-04652,0,0,0,0
16-04655,0,0,0,0
16-04656,0,0,0,0
16-04657,0,0,1,0
16-04658,0,0,1,0
16-04659,0,0,1,0
16-04660,0,0,0,1
16-04661,0,0,0,0
16-04662,0,0,0,0
16-04663,0,0,1,0
16-04665,0,0,0,0
16-04667,0,0,1,0
16-04668,0,0,0,0
16-04669,1,0,1,1
16-04670,0,0,0,0
16-04671,0,0,0,1
16-04672,1,0,1,1
16-04673,0,0,1,1
16-05560,0,0,1,1
16-05563,0,0,0,0
16-05568,0,0,0,0
16-05571,0,1,1,1
16-05573,0,0,1,1
16-05574,0,0,1,1
16-05575,0,0,0,1
16-05577,0,0,1,1
16-05578,0,0,1,1
16-05579,0,0,1,1
16-05580,0,0,0,0
16-05581,0,0,0,1
16-05583,0,0,1,1
16-05585,0,0,1,1
16-05586,0,1,1,1
16-05587,0,0,1,1
16-05588,0,0,1,1
16-05589,0,0,0,0
16-05590,0,0,1,0
16-05596,0,0,1,1
16-05597,0,0,0,0
16-05598,0,0,0,0
16-05599,0,0,1,1
16-05600,0,0,1,1
16-05601,0,0,0,1
16-05602,0,0,1,0
16-05608,0,0,0,0
16-05617,0,0,0,0
16-05618,0,0,1,1
16-05619,1,0,1,1
55988,1,1,1,1
55989,1,1,1,1
56828,1,1,1,1
60053,1,1,1,1
62796,1,1,1,1
62806,1,1,1,1
62957,1,1,1,1
63113,1,1,1,1
63670,1,1,1,1
63878,1,1,1,1
64165,1,1,1,1
64334,1,1,1,1
64712,1,1,1,1
65165,1,1,1,1
66591,1,1,1,1
68995,1,1,1,1
73787,1,1,1,1
74856,1,1,1,1
78932,1,1,1,1
79031,1,1,1,1
AFB0700002740,1,1,1,1
AFB0800000295,0,0,1,1
AFB0800000324,1,0,1,1
AFB0800001872,1,1,1,0
ERR025833,1,1,1,1
ERR025834,1,1,1,1
ERR025835,1,1,1,1
ERR025836,1,1,1,1
ERR025837,1,1,1,1
ERR025838,1,1,1,1
ERR025839,1,1,1,1
ERR025842,1,1,1,1
ERR025843,1,1,1,1
ERR025844,1,1,1,1
ERR025846,1,1,1,1
ERR025847,1,1,1,1
ERR025848,1,1,1,1
ERR038254,1,1,1,1
ERR038255,1,1,1,1
ERR038256,1,1,1,1
ERR038257,1,1,1,1
ERR038258,1,1,1,1
ERR038259,1,1,1,1
ERR038260,1,1,1,1
ERR038261,1,1,1,1
ERR038262,1,1,1,1
ERR038263,1,1,1,1
ERR038264,1,1,1,1
ERR038265,1,1,1,1
ERR038266,1,1,1,1
ERR038269,1,1,1,1
ERR038270,1,1,1,1
ERR038271,1,1,1,1
ERR038272,1,1,1,1
ERR038273,1,1,1,1
ERR038274,1,1,1,1
ERR038275,1,1,1,1
ERR038276,1,1,1,1
ERR038277,1,1,1,1
ERR038278,1,1,1,1
ERR038279,1,1,1,1
ERR038280,1,1,1,1
ERR038281,1,1,1,1
ERR038282,1,1,1,1
ERR038283,1,1,1,1
ERR038284,1,1,1,1
ERR038285,1,1,1,1
ERR038286,1,1,1,1
ERR038287,1,1,1,1
ERR038288,1,1,1,1
ERR038290,1,1,1,1
ERR038291,1,1,1,1
ERR038292,1,1,1,1
ERR038293,1,1,1,1
ERR038294,1,1,1,1
ERR038295,1,1,1,1
ERR038296,1,1,1,1
ERR038298,1,1,1,1
ERR038299,1,1,1,1
ERR038300,1,1,1,1
ERR038736,0,0,0,1
ERR038737,0,0,1,1
ERR038738,0,0,0,1
ERR038739,0,0,0,0
ERR038740,0,0,0,0
ERR038741,0,0,0,0
ERR038742,0,0,0,0
ERR038743,0,0,0,1
ERR038744,0,0,0,0
ERR038745,0,0,0,0
ERR038746,0,0,0,0
ERR038747,0,0,0,0
ERR038748,0,0,0,0
ERR038749,0,0,0,0
ERR038750,0,0,0,1
ERR038751,0,1,1,1
ERR038752,0,0,1,1
ERR038753,0,0,0,1
ERR038754,0,0,0,0
ERR038755,0,0,1,1
ERR039323,1,1,1,1
ERR039324,1,1,1,1
ERR039325,1,1,1,1
ERR039326,1,1,1,1
ERR039327,1,1,1,1
ERR039328,1,1,1,1
ERR039329,1,1,1,1
ERR039330,1,1,1,1
ERR039331,1,1,1,1
ERR039332,1,1,1,1
ERR039333,1,1,1,1
ERR039334,1,1,1,1
ERR039335,1,1,1,1
ERR039336,1,1,1,1
ERR039337,1,1,1,1
ERR039338,1,1,1,1
ERR039339,1,1,1,1
ERR039340,1,1,1,1
ERR039341,1,1,1,1
ERR039342,1,1,1,1
ERR039343,1,1,1,1
ERR039344,1,1,1,1
ERR039345,1,1,1,1
ERR039346,1,1,1,1
ERR040086,1,1,1,1
ERR040087,1,1,1,1
ERR040088,1,1,1,1
ERR040089,1,1,1,1
ERR040090,1,1,1,1
ERR040091,1,1,1,1
ERR040093,1,1,1,1
ERR040094,1,1,1,1
ERR040095,1,1,1,1
ERR040096,1,1,1,1
ERR040097,1,1,1,1
ERR040098,1,1,1,1
ERR040099,1,1,1,1
ERR040100,1,1,1,1
ERR040101,1,1,1,1
ERR040102,1,1,1,1
ERR040103,1,1,1,1
ERR040104,1,1,1,1
ERR040105,0,1,1,1
ERR040106,1,1,1,1
ERR040107,1,1,1,1
ERR040108,1,1,1,1
ERR040109,1,1,1,1
ERR040112,1,1,1,1
ERR040114,1,1,1,1
ERR040115,0,0,0,0
ERR040118,1,1,1,1
ERR040119,0,0,0,1
ERR040120,0,0,0,0
ERR040121,0,0,1,1
ERR040122,0,0,1,0
ERR040123,0,0,0,0
ERR040124,0,0,0,0
ERR040125,0,0,0,0
ERR040126,0,0,0,1
ERR040127,0,0,0,1
ERR040128,0,0,0,0
ERR040129,0,1,0,1
ERR040130,0,0,0,0
ERR040131,0,0,0,1
ERR040132,0,0,1,1
ERR040133,0,0,0,1
ERR040134,0,0,1,1
ERR040135,0,0,0,1
ERR040136,0,0,0,1
ERR040137,0,0,0,0
ERR040138,0,0,1,1
ERR040139,0,0,0,1
ERR040140,0,0,0,0
ERR040141,0,0,0,1
ERR040142,0,0,0,1
ERR046729,1,1,1,1
ERR046730,0,1,1,1
ERR046732,1,1,1,1
ERR046733,1,1,1,1
ERR046734,1,1,1,1
ERR046735,1,1,1,1
ERR046736,1,1,1,1
ERR046737,1,1,1,1
ERR046738,1,1,1,1
ERR046739,1,1,1,1
ERR046741,1,1,1,1
ERR046743,1,1,1,1
ERR046744,1,1,1,1
ERR046745,1,1,1,1
ERR046746,1,1,1,1
ERR046747,1,1,1,0
ERR046748,1,1,1,0
ERR046749,1,1,1,0
ERR046751,1,1,1,1
ERR046752,1,1,1,1
ERR046753,1,1,1,1
ERR046754,1,1,1,1
ERR046755,1,1,1,1
ERR046756,1,1,1,1
ERR046758,1,1,1,1
ERR046759,1,1,1,1
ERR046760,1,1,1,1
ERR046761,1,1,1,1
ERR046762,1,1,1,1
ERR046763,1,1,1,1
ERR046764,1,1,1,1
ERR046765,1,1,1,1
ERR046766,1,1,1,1
ERR046767,1,1,1,1
ERR046768,1,1,1,1
ERR046769,1,1,1,1
ERR046770,1,1,1,1
ERR046771,1,1,1,1
ERR046772,1,1,1,1
ERR046773,1,1,1,1
ERR046775,1,1,1,1
ERR046776,1,1,1,1
ERR046777,1,1,1,1
ERR046778,0,1,1,1
ERR046779,1,1,1,1
ERR046780,0,1,1,1
ERR046781,1,1,1,1
ERR046782,1,1,1,1
ERR046783,1,1,1,1
ERR046784,0,1,0,1
ERR046785,1,1,1,1
ERR046786,0,1,1,1
ERR046788,0,1,1,1
ERR046791,1,1,1,1
ERR046792,1,1,0,1
ERR046794,1,1,1,1
ERR046795,1,1,1,1
ERR046796,0,0,0,0
ERR046797,1,1,1,1
ERR046798,1,1,1,1
ERR046799,1,1,1,1
ERR046800,1,1,1,1
ERR046819,1,1,1,1
ERR046820,1,1,1,1
ERR046822,1,1,1,1
ERR046823,1,1,1,1
ERR046824,1,1,1,1
ERR046825,1,0,1,1
ERR046831,1,1,1,1
ERR046832,1,1,1,1
ERR046833,1,1,1,1
ERR046834,0,1,1,1
ERR046837,1,1,1,1
ERR046838,1,1,1,1
ERR046839,1,1,1,1
ERR046840,1,1,1,1
ERR046841,1,1,1,1
ERR046842,1,1,1,1
ERR046843,1,1,1,1
ERR046844,1,1,1,1
ERR046845,1,1,1,1
ERR046846,1,1,1,1
ERR046847,1,1,1,1
ERR046849,1,1,1,1
ERR046850,1,1,1,1
ERR046851,1,1,1,1
ERR046852,1,1,1,1
ERR046853,1,1,1,1
ERR046854,1,1,1,1
ERR046855,0,0,1,1
ERR046857,1,1,1,1
ERR046858,1,1,1,1
ERR046859,1,1,1,1
ERR046860,1,1,1,1
ERR046861,1,1,1,1
ERR046862,1,1,1,1
ERR046863,1,1,1,1
ERR046864,1,1,1,1
ERR046865,1,1,1,1
ERR046866,1,1,1,1
ERR046867,1,1,1,1
ERR046869,1,1,1,1
ERR046871,1,1,1,1
ERR046872,1,1,1,1
ERR046873,1,1,1,1
ERR046874,1,1,1,1
ERR046875,1,1,1,1
ERR046876,1,1,1,1
ERR046877,1,1,1,1
ERR046878,1,1,1,1
ERR046879,1,1,1,1
ERR046880,1,1,1,1
ERR046881,1,1,1,1
ERR046882,1,1,1,1
ERR046883,1,1,1,1
ERR046884,1,1,1,1
ERR046885,1,1,1,1
ERR046887,1,1,1,1
ERR046888,1,1,1,1
ERR046889,1,1,1,1
ERR046890,1,1,1,1
ERR046891,1,1,1,1
ERR046893,1,1,1,1
ERR046894,1,1,1,1
ERR046895,1,1,1,1
ERR046897,1,1,1,1
ERR046898,1,1,1,1
ERR046901,1,1,1,1
ERR046903,0,0,0,0
ERR046904,1,1,1,1
ERR046905,1,1,1,1
ERR046907,1,1,1,1
ERR046908,1,1,1,1
ERR046910,1,1,1,1
ERR046911,1,1,0,1
ERR046912,1,1,1,1
ERR046913,1,1,0,1
ERR046914,1,1,1,1
ERR046915,1,1,1,1
ERR046916,1,1,1,1
ERR046917,0,0,0,0
ERR046918,1,1,1,1
ERR046919,1,1,1,1
ERR046920,1,1,1,1
ERR046921,1,1,1,1
ERR046922,1,1,1,1
ERR046923,1,1,1,1
ERR046924,1,1,1,1
ERR046925,1,1,1,1
ERR046926,1,1,1,1
ERR046928,1,1,1,1
ERR046929,1,1,1,1
ERR046930,1,1,1,1
ERR046932,1,1,1,1
ERR046936,1,1,1,1
ERR046938,1,1,1,1
ERR046939,1,1,1,1
ERR046940,1,1,1,1
ERR046941,1,1,1,1
ERR046942,1,1,1,1
ERR046943,0,0,1,1
ERR046945,1,1,1,1
ERR046946,1,1,1,1
ERR046947,1,1,1,1
ERR046948,1,1,1,1
ERR046949,1,1,1,1
ERR046950,1,1,1,1
ERR046951,1,1,1,1
ERR046952,1,1,1,1
ERR046953,1,1,1,1
ERR046954,1,1,1,0
ERR046957,1,1,1,1
ERR046958,1,1,1,1
ERR046959,1,1,1,1
ERR046960,1,1,1,1
ERR046961,1,1,1,0
ERR046963,1,1,1,1
ERR046964,1,1,1,1
ERR046965,1,1,1,1
ERR046966,1,1,1,1
ERR046967,1,1,1,1
ERR046968,1,1,1,1
ERR046969,1,1,1,1
ERR046970,1,1,1,1
ERR046971,1,1,1,1
ERR046972,1,1,1,1
ERR046974,1,1,1,1
ERR046975,1,1,1,1
ERR046980,1,1,1,1
ERR046981,0,1,1,1
ERR046982,1,1,1,1
ERR046983,1,1,1,1
ERR046986,0,1,1,1
ERR046988,1,1,1,1
ERR046989,1,1,1,0
ERR046990,1,1,1,1
ERR046991,1,1,1,1
ERR046992,1,1,1,1
ERR046993,1,1,1,1
ERR046994,1,1,1,1
ERR046995,1,1,1,1
ERR046996,1,1,1,1
ERR046997,1,1,1,1
ERR046998,1,1,1,1
ERR046999,1,1,1,1
ERR047000,1,1,1,1
ERR047002,0,1,1,1
ERR047003,1,1,1,1
ERR047004,1,1,1,1
ERR047005,1,1,1,1
ERR047006,1,1,1,1
ERR047007,1,1,1,1
ERR047008,1,1,1,1
ERR047009,1,1,1,1
ERR047010,1,1,1,1
ERR047011,1,1,1,1
ERR047012,1,1,1,1
ERR047013,1,1,1,1
ERR047014,1,1,1,1
ERR047016,1,1,1,1
ERR067577,0,0,1,1
ERR067578,0,0,1,1
ERR067579,0,0,1,1
ERR067580,0,0,1,1
ERR067581,0,0,1,1
ERR067584,0,0,0,1
ERR067588,0,0,0,1
ERR067589,0,0,0,1
ERR067591,0,0,1,1
ERR067592,0,0,0,1
ERR067594,0,0,0,1
ERR067595,0,0,0,1
ERR067596,0,0,1,0
ERR067597,0,0,1,1
ERR067598,0,0,1,1
ERR067599,0,0,0,1
ERR067600,0,0,1,1
ERR067602,0,0,0,1
ERR067603,0,0,1,1
ERR067605,0,0,1,1
ERR067606,0,0,1,1
ERR067607,0,0,1,0
ERR067608,0,0,0,1
ERR067609,0,0,0,1
ERR067610,0,0,0,1
ERR067611,0,0,0,0
ERR067612,0,0,0,1
ERR067613,0,0,0,0
ERR067614,0,0,0,0
ERR067615,0,0,0,1
ERR067616,0,0,1,0
ERR067617,0,0,1,0
ERR067618,0,0,0,1
ERR067620,0,0,0,1
ERR067621,0,0,1,1
ERR067622,0,0,0,1
ERR067623,0,0,0,0
ERR067624,0,0,1,0
ERR067627,1,1,1,1
ERR067629,0,0,0,0
ERR067630,1,1,1,0
ERR067631,1,1,1,1
ERR067632,0,1,1,1
ERR067635,1,1,1,1
ERR067637,0,0,0,1
ERR067638,0,1,1,1
ERR067639,0,1,1,1
ERR067640,0,1,1,1
ERR067641,1,1,1,1
ERR067643,1,1,1,1
ERR067644,0,0,0,0
ERR067645,1,1,1,1
ERR067647,0,0,1,0
ERR067648,1,1,1,1
ERR067649,1,1,1,1
ERR067650,0,1,0,1
ERR067651,0,0,0,1
ERR067652,0,0,1,1
ERR067653,0,0,1,0
ERR067654,0,0,0,0
ERR067655,0,0,1,0
ERR067656,0,0,1,1
ERR067658,1,1,1,1
ERR067659,0,0,0,0
ERR067660,0,0,0,1
ERR067661,0,0,1,1
ERR067662,0,0,0,1
ERR067665,0,0,0,1
ERR067666,0,1,0,0
ERR067667,0,1,1,1
ERR067668,0,0,0,1
ERR067670,0,0,1,1
ERR067671,0,0,1,1
ERR067672,0,0,0,0
ERR067673,0,0,1,1
ERR067674,0,0,0,1
ERR067675,0,0,0,1
ERR067677,0,0,1,1
ERR067678,0,0,1,1
ERR067680,0,0,0,0
ERR067683,0,0,1,1
ERR067684,0,0,0,0
ERR067685,1,1,1,1
ERR067686,1,1,1,1
ERR067687,0,0,1,1
ERR067688,0,0,1,1
ERR067689,1,1,1,1
ERR067690,1,0,1,1
ERR067691,1,1,1,1
ERR067692,0,0,1,1
ERR067693,0,1,1,0
ERR067694,0,1,1,1
ERR067695,0,1,0,1
ERR067696,1,1,1,1
ERR067697,1,1,1,1
ERR067698,0,0,0,1
ERR067700,1,1,1,1
ERR067703,1,1,1,1
ERR067704,1,1,1,1
ERR067705,1,1,1,1
ERR067706,1,1,1,1
ERR067708,1,1,1,1
ERR067709,1,1,1,1
ERR067711,0,0,0,0
ERR067713,1,1,1,1
ERR067715,1,1,1,1
ERR067716,0,1,1,1
ERR067717,0,0,0,1
ERR067718,0,0,1,1
ERR067720,1,1,1,1
ERR067721,1,1,1,1
ERR067722,1,1,1,1
ERR067723,1,1,1,1
ERR067724,0,0,1,1
ERR067725,1,1,1,0
ERR067726,0,0,0,1
ERR067727,0,1,1,0
ERR067728,1,1,1,1
ERR067729,1,1,1,1
ERR067730,0,0,1,0
ERR067731,0,0,1,1
ERR067733,0,0,1,1
ERR067734,0,0,1,1
ERR067735,0,0,1,1
ERR067739,1,1,1,1
ERR067740,0,0,1,1
ERR067742,1,1,1,1
ERR067744,0,1,1,0
ERR067745,1,1,1,1
ERR067747,0,1,1,1
ERR067748,0,0,1,1
ERR067750,1,1,1,1
ERR067751,1,1,1,1
ERR067752,1,1,1,1
ERR067754,0,0,1,1
ERR067755,0,1,1,1
ERR067756,0,0,1,0
ERR067757,0,0,0,0
ERR067758,0,1,1,1
ERR067759,1,1,1,1
ERR067760,1,1,1,1
ERR067761,1,1,1,1
ERR067762,1,1,1,1
ERR067763,1,1,1,1
ERR067765,1,1,1,0
ERR067766,1,1,1,1
ERR067767,0,1,0,0
ERR072019,1,1,1,1
ERR072020,1,1,1,1
ERR072021,1,1,1,1
ERR072022,1,1,1,1
ERR072023,1,1,1,1
ERR072024,1,1,1,1
ERR072025,1,1,1,1
ERR072026,1,1,1,1
ERR072027,1,1,1,1
ERR072028,1,1,1,1
ERR072029,1,1,1,1
ERR072030,1,1,1,1
ERR072031,1,1,1,1
ERR072032,1,1,1,1
ERR072034,1,1,1,1
ERR072035,1,1,1,1
ERR072036,1,1,1,1
ERR072038,1,1,1,1
ERR072039,1,1,1,1
ERR072040,1,1,1,1
ERR072041,1,1,1,1
ERR072042,1,1,1,1
ERR072044,1,1,1,1
ERR072045,1,1,1,1
ERR072046,1,1,1,1
ERR072047,1,1,1,1
ERR072048,1,1,1,1
ERR072050,1,1,1,1
ERR072051,1,1,1,1
ERR072065,1,1,1,1
ERR072072,1,1,1,1
ERR072077,1,1,1,1
ERR072080,1,1,1,1
ERR072087,1,1,1,1
ERR072089,1,1,1,1
ERR072094,1,1,1,1
ERR072095,1,1,1,1
ERR072096,1,1,1,1
ERR108420,0,0,0,1
ERR108421,0,0,0,0
ERR108423,0,1,1,0
ERR108425,0,0,1,1
ERR108426,0,0,0,1
ERR108427,1,1,1,1
ERR108428,0,0,0,1
ERR108429,0,1,1,1
ERR108432,1,1,1,1
ERR108433,1,1,1,1
ERR108434,1,1,1,1
ERR108435,0,0,1,0
ERR108436,0,0,0,1
ERR108437,1,1,1,1
ERR108439,0,0,0,1
ERR108440,1,1,1,1
ERR108441,1,1,1,1
ERR108442,1,1,1,1
ERR108443,0,0,0,0
ERR108445,1,1,1,0
ERR108446,1,1,1,1
ERR108447,0,1,1,1
ERR108448,1,1,1,1
ERR108450,0,0,0,0
ERR108451,1,1,1,1
ERR108452,1,1,1,1
ERR108453,0,0,0,0
ERR108455,0,0,1,0
ERR108456,1,1,1,1
ERR108457,0,1,0,0
ERR108458,0,0,1,1
ERR108459,1,1,1,1
ERR108460,1,1,1,1
ERR108461,1,1,1,1
ERR108462,0,0,0,0
ERR108463,1,1,1,1
ERR108467,0,0,0,1
ERR108468,1,1,1,1
ERR108469,0,0,0,1
ERR108470,1,1,1,1
ERR108472,1,1,1,1
ERR108473,0,0,1,1
ERR108474,0,0,1,0
ERR108475,0,0,0,1
ERR108478,1,1,1,1
ERR108479,1,1,1,1
ERR108480,0,0,0,0
ERR108481,1,1,1,1
ERR108482,0,0,1,1
ERR108483,1,1,1,1
ERR108485,0,0,1,1
ERR108486,1,1,1,1
ERR108487,1,1,1,1
ERR108488,0,0,1,0
ERR108489,0,0,1,1
ERR108490,1,1,1,1
ERR108492,1,1,1,1
ERR108493,0,0,0,1
ERR108494,0,0,0,0
ERR108495,0,0,0,1
ERR108496,1,1,1,1
ERR108497,1,1,1,1
ERR108498,0,0,0,0
ERR108499,0,0,1,1
ERR108500,0,0,1,1
ERR108501,1,1,1,1
ERR108502,0,0,1,1
ERR108503,0,0,0,1
ERR108504,1,1,0,1
ERR108505,1,1,1,1
ERR108506,1,1,1,0
ERR108507,0,0,0,1
ERR108508,1,1,1,1
ERR108509,1,1,1,1
ERR108510,0,0,1,0
ERR108511,0,0,1,1
ERR108513,1,1,1,1
ERR108514,0,0,0,1
ERR108515,0,0,1,1
ERR117449,1,1,1,1
ERR117450,1,1,1,1
ERR117451,1,1,1,1
ERR117452,0,0,1,1
ERR117453,0,0,1,1
ERR117454,0,0,1,0
ERR117455,1,1,1,1
ERR117457,1,1,1,1
ERR117458,1,1,1,1
ERR117460,0,0,0,1
ERR117462,0,0,1,1
ERR117463,0,0,1,1
ERR117464,0,0,0,0
ERR117465,0,0,1,1
ERR117466,0,1,1,1
ERR117467,1,1,1,1
ERR117468,0,0,1,1
ERR117469,0,1,1,1
ERR117470,0,0,0,1
ERR133798,0,0,0,1
ERR133799,0,1,1,1
ERR133800,0,0,1,1
ERR133801,0,0,0,1
ERR133802,1,1,1,1
ERR133803,0,0,1,1
ERR133805,0,0,1,0
ERR133806,0,0,1,1
ERR133807,1,1,1,1
ERR133809,0,1,1,1
ERR133810,1,1,1,1
ERR133811,1,1,1,1
ERR133812,0,1,1,1
ERR133814,0,1,1,1
ERR133815,0,0,1,0
ERR133818,1,1,1,1
ERR133819,1,1,1,1
ERR133820,1,1,1,1
ERR133822,1,0,1,0
ERR133823,0,0,0,1
ERR133824,0,0,0,1
ERR133826,0,0,0,1
ERR133827,0,0,0,0
ERR133829,1,1,1,1
ERR133830,1,1,1,1
ERR133831,0,0,0,1
ERR133832,1,1,1,0
ERR133833,1,1,1,1
ERR133834,0,0,1,1
ERR133835,0,1,1,0
ERR133836,0,0,1,1
ERR133837,0,0,1,1
ERR133838,0,1,1,1
ERR133839,0,0,0,1
ERR133840,1,1,1,1
ERR133841,0,1,1,1
ERR133842,0,0,0,1
ERR133844,0,0,0,1
ERR133846,1,1,1,1
ERR133847,1,1,1,1
ERR133849,0,0,1,0
ERR133850,1,1,1,1
ERR133851,1,1,1,1
ERR133852,1,0,1,1
ERR133854,0,0,0,1
ERR133855,0,0,1,1
ERR133856,0,1,1,1
ERR133857,1,1,1,1
ERR133858,0,0,0,1
ERR133859,1,1,1,1
ERR133860,0,0,1,1
ERR133862,0,1,1,1
ERR133863,1,1,1,1
ERR133864,1,1,1,1
ERR133865,0,1,1,1
ERR133866,0,0,1,1
ERR133868,0,0,1,1
ERR133870,1,1,1,1
ERR133871,1,1,1,1
ERR133872,1,1,1,1
ERR133873,0,0,1,0
ERR133874,1,1,1,1
ERR133875,1,1,0,1
ERR133876,1,1,1,1
ERR133877,1,1,0,1
ERR133878,0,0,0,0
ERR133879,0,0,0,0
ERR133880,0,0,1,0
ERR133881,1,0,1,1
ERR133882,1,0,1,1
ERR133883,1,1,1,1
ERR133885,0,0,0,1
ERR133886,0,0,1,1
ERR133888,0,0,0,1
ERR133889,0,0,0,1
ERR133890,0,0,1,1
ERR133891,1,1,1,1
ERR133895,0,0,1,1
ERR133896,0,0,1,1
ERR133897,1,1,1,1
ERR133898,1,1,1,1
ERR133899,0,0,0,1
ERR133900,0,0,0,0
ERR133901,0,0,0,1
ERR133902,0,0,1,1
ERR133903,0,0,0,0
ERR133904,1,1,1,1
ERR133905,1,0,1,1
ERR133906,0,0,0,0
ERR133908,0,0,0,0
ERR133909,0,0,1,0
ERR133911,0,1,1,1
ERR133912,1,1,1,1
ERR133913,0,1,1,1
ERR133914,0,0,0,0
ERR133915,0,0,1,0
ERR133917,0,0,1,1
ERR133919,0,0,0,1
ERR133920,1,1,1,1
ERR133921,0,0,0,1
ERR133922,0,0,1,1
ERR133924,0,1,1,1
ERR133925,1,1,1,1
ERR133926,1,1,1,1
ERR133929,1,1,1,1
ERR133930,0,0,1,1
ERR133932,1,1,1,1
ERR133934,1,1,1,1
ERR133935,0,0,0,1
ERR133937,0,0,1,1
ERR133939,1,1,1,1
ERR133941,1,1,1,1
ERR133942,0,0,0,0
ERR133944,0,0,1,1
ERR133945,0,1,1,0
ERR133946,1,0,1,1
ERR133947,1,0,1,1
ERR133948,1,1,1,1
ERR133949,1,1,1,1
ERR133950,1,1,1,1
ERR133951,0,0,0,0
ERR133952,1,1,1,1
ERR133953,0,0,0,1
ERR133954,0,0,0,0
ERR133955,0,1,1,1
ERR133958,1,1,1,1
ERR133959,0,0,1,1
ERR133961,0,1,1,1
ERR133962,0,0,0,0
ERR133963,0,1,1,1
ERR133964,1,1,1,1
ERR133965,1,1,1,1
ERR133966,0,0,1,1
ERR133967,1,1,1,1
ERR133968,0,1,1,1
ERR133969,0,1,1,1
ERR133970,0,1,1,0
ERR133971,1,1,1,1
ERR133973,1,1,1,1
ERR133974,1,1,1,1
ERR133975,0,1,1,1
ERR133977,0,1,1,1
ERR133978,1,1,1,1
ERR133979,1,1,1,1
ERR133980,0,1,1,1
ERR133981,0,0,0,1
ERR133982,0,0,1,1
ERR133983,1,1,1,1
ERR133984,0,0,0,0
ERR133985,0,1,1,1
ERR133987,1,1,1,1
ERR133988,1,1,1,1
ERR133989,1,1,1,1
ERR137191,1,1,1,1
ERR137192,0,0,0,0
ERR137193,1,1,1,1
ERR137195,1,1,1,1
ERR137197,0,1,0,1
ERR137198,0,1,1,1
ERR137200,1,1,1,1
ERR137201,0,1,1,1
ERR137203,1,1,1,1
ERR137204,0,0,0,0
ERR137206,0,0,1,1
ERR137207,1,1,0,1
ERR137208,0,0,0,0
ERR137209,0,0,1,0
ERR137210,0,0,1,1
ERR137212,0,1,1,1
ERR137213,0,1,1,1
ERR137214,1,1,1,1
ERR137215,0,0,1,1
ERR137216,0,1,1,0
ERR137218,0,0,0,1
ERR137220,0,0,0,1
ERR137221,0,1,1,1
ERR137222,0,0,1,1
ERR137223,0,0,0,1
ERR137224,1,1,1,1
ERR137225,0,0,1,0
ERR137227,0,1,1,1
ERR137228,0,1,1,1
ERR137229,0,0,0,0
ERR137230,0,0,0,1
ERR137231,0,0,0,0
ERR137232,1,1,1,1
ERR137233,0,1,0,1
ERR137234,0,0,1,0
ERR137235,1,1,1,1
ERR137238,1,1,1,1
ERR137239,1,1,1,1
ERR137240,0,1,0,1
ERR137241,1,1,1,1
ERR137242,0,1,1,1
ERR137243,0,0,0,0
ERR137244,0,1,1,1
ERR137245,1,1,1,1
ERR137246,0,0,0,0
ERR137247,0,0,0,0
ERR137248,0,0,1,0
ERR137249,1,1,1,1
ERR137251,1,1,1,1
ERR137252,1,1,1,1
ERR137253,1,1,1,1
ERR137254,0,0,0,1
ERR137255,0,0,1,0
ERR137256,1,1,1,1
ERR137257,0,0,1,1
ERR137258,1,1,1,1
ERR137260,0,0,1,1
ERR137261,1,1,1,1
ERR137262,0,0,0,1
ERR137263,0,0,0,0
ERR137264,0,0,1,1
ERR137266,1,1,1,1
ERR137267,0,1,1,1
ERR137268,1,1,1,1
ERR137269,0,0,1,1
ERR137270,1,1,1,1
ERR137273,0,0,1,1
ERR137274,0,0,1,1
ERR137275,0,0,0,0
ERR137277,0,0,0,1
ERR137278,1,1,1,1
ERR137279,1,1,1,1
ERR137280,1,1,1,1
ERR137281,0,0,1,1
ERR137282,0,0,1,1
ERR137283,0,0,1,1
ERR137284,0,0,0,0
ERR137285,1,1,1,1
ERR144543,0,0,1,1
ERR144544,1,1,1,1
ERR144545,0,1,1,0
ERR144546,1,0,1,1
ERR144547,1,1,1,1
ERR144548,0,0,1,1
ERR144549,0,0,1,1
ERR144550,1,1,0,1
ERR144551,0,0,0,1
ERR144552,1,1,1,1
ERR144555,1,1,1,1
ERR144556,0,0,1,1
ERR144558,0,1,1,1
ERR144559,0,1,1,1
ERR144560,0,0,0,0
ERR144561,0,0,1,1
ERR144562,0,0,1,1
ERR144563,0,0,0,1
ERR144564,0,1,1,1
ERR144565,0,1,0,1
ERR144566,0,0,0,1
ERR144567,0,0,0,0
ERR144569,1,1,1,1
ERR144570,0,0,1,1
ERR144571,0,0,0,0
ERR144573,0,0,0,1
ERR144574,0,0,0,1
ERR144575,0,0,1,1
ERR144576,0,1,1,1
ERR144577,1,1,1,1
ERR144578,1,1,1,1
ERR144579,0,0,0,1
ERR144580,0,1,1,1
ERR144581,0,0,1,0
ERR144582,1,1,1,1
ERR144585,1,1,1,1
ERR144587,0,0,0,1
ERR144588,0,1,1,1
ERR144590,0,0,1,1
ERR144592,1,1,1,1
ERR144593,0,0,1,1
ERR144594,0,1,1,1
ERR144595,0,0,0,0
ERR144596,0,1,0,0
ERR144597,0,0,1,1
ERR144598,0,1,1,1
ERR144599,0,1,1,1
ERR144600,0,0,0,1
ERR144602,1,1,1,1
ERR144603,1,1,1,1
ERR144604,0,1,1,1
ERR144605,0,1,1,1
ERR144606,0,0,0,0
ERR144607,0,0,0,0
ERR144608,0,1,0,0
ERR144609,0,1,1,1
ERR144610,1,1,1,1
ERR144611,0,0,1,1
ERR144614,1,1,1,1
ERR144616,1,1,1,1
ERR144619,0,0,0,1
ERR144620,0,0,0,0
ERR144621,1,1,1,0
ERR144622,0,0,0,0
ERR144623,0,0,1,1
ERR144624,0,0,0,1
ERR144625,0,0,1,1
ERR144626,1,1,1,1
ERR144627,0,1,0,1
ERR144628,0,0,0,1
ERR144629,1,1,1,1
ERR144630,1,1,1,1
ERR144631,0,0,0,1
ERR144632,0,0,0,1
ERR144633,0,0,0,1
ERR144634,0,0,0,1
ERR144635,0,0,0,0
ERR144636,0,0,0,0
ERR158569,1,0,1,1
ERR158570,0,0,1,1
ERR158571,1,1,1,1
ERR158572,1,1,0,1
ERR158574,1,1,1,1
ERR158575,1,1,1,1
ERR158576,0,0,0,1
ERR158577,1,1,1,1
ERR158579,0,0,1,0
ERR158580,0,0,1,0
ERR158581,0,0,0,1
ERR158582,1,1,1,1
ERR158585,0,0,0,1
ERR158586,0,0,0,1
ERR158587,0,0,0,0
ERR158588,0,0,0,0
ERR158589,0,1,0,1
ERR158590,0,0,0,1
ERR158591,1,1,1,0
ERR158592,0,0,1,1
ERR158593,0,0,0,0
ERR158595,0,0,1,1
ERR158596,0,0,1,1
ERR158598,0,0,1,1
ERR158611,0,0,0,1
ERR158613,0,0,0,1
ERR158616,0,0,0,0
ERR227975,0,0,1,1
ERR227976,0,0,1,1
ERR227977,0,0,0,1
ERR227979,1,1,1,1
ERR227980,0,1,0,1
ERR227981,0,0,1,0
ERR227982,0,0,0,1
ERR227983,1,0,0,1
ERR227984,1,1,1,1
ERR227985,0,0,0,0
ERR227987,0,0,1,1
ERR227990,0,1,1,1
ERR227991,1,1,1,1
ERR227992,1,1,1,1
ERR227994,0,0,0,1
ERR227996,0,0,0,1
ERR227997,0,1,1,1
ERR227998,1,1,1,1
ERR227999,1,1,1,1
ERR228000,1,1,1,1
ERR228001,0,0,1,0
ERR228002,1,1,1,1
ERR228003,0,0,1,1
ERR228004,1,1,1,1
ERR228005,1,1,1,1
ERR228006,0,0,1,0
ERR228007,1,1,1,1
ERR228008,1,1,1,1
ERR228009,0,0,1,1
ERR228010,1,1,1,1
ERR228011,1,1,1,1
ERR228012,0,0,0,1
ERR228013,0,0,0,1
ERR228014,0,1,1,1
ERR228015,1,1,1,1
ERR228016,0,0,0,1
ERR228017,0,0,1,1
ERR228018,1,1,1,1
ERR228019,0,0,1,1
ERR228020,0,0,0,1
ERR228021,1,1,1,0
ERR228022,1,1,1,1
ERR228023,1,1,1,1
ERR228024,0,0,0,0
ERR228025,0,0,1,1
ERR228026,0,1,1,1
ERR228027,1,1,1,1
ERR228028,0,0,0,0
ERR228029,0,0,1,1
ERR228031,1,1,1,1
ERR228032,0,0,1,1
ERR228033,1,1,1,1
ERR228034,1,1,1,1
ERR228035,1,1,1,1
ERR228036,0,0,0,0
ERR228037,0,0,1,1
ERR228038,0,0,0,1
ERR228039,0,0,0,0
ERR228040,0,1,1,1
ERR228042,0,0,1,0
ERR228043,0,0,1,0
ERR228044,0,1,1,1
ERR228045,1,1,1,1
ERR228046,0,0,1,1
ERR228047,1,1,1,1
ERR228048,0,1,1,1
ERR228049,0,0,0,0
ERR228050,0,0,0,0
ERR228052,1,1,1,1
ERR228053,1,1,1,1
ERR228055,1,0,1,1
ERR228056,0,0,0,0
ERR228057,1,1,1,1
ERR228058,0,1,1,1
ERR228059,0,0,0,1
ERR228060,1,1,1,1
ERR228061,0,0,0,1
ERR228062,0,0,0,0
ERR228063,1,1,1,1
ERR228064,0,0,1,1
ERR228065,1,1,1,1
ERR228067,1,1,1,1
ERR228068,1,1,1,1
ERR228069,1,1,1,1
ERR229915,0,0,0,1
ERR229917,1,1,1,1
ERR229918,0,0,0,1
ERR229919,1,1,1,1
ERR229920,1,1,1,0
ERR229921,0,0,0,1
ERR229922,0,0,0,1
ERR229923,0,0,0,1
ERR229924,0,0,0,1
ERR229925,0,1,1,1
ERR229926,0,0,0,1
ERR229927,0,0,1,0
ERR229928,1,1,1,0
ERR229929,0,0,0,0
ERR229931,0,0,0,0
ERR229932,0,0,0,1
ERR229934,1,1,1,1
ERR229935,0,1,1,1
ERR229936,0,0,0,0
ERR229937,1,1,1,1
ERR229938,1,1,1,0
ERR229939,1,1,1,1
ERR229940,0,0,1,1
ERR229941,1,1,1,1
ERR229942,1,1,1,1
ERR229943,1,1,1,1
ERR229944,1,1,1,1
ERR229945,1,1,1,1
ERR229946,0,0,0,1
ERR229947,0,0,1,1
ERR229948,1,1,1,1
ERR229949,0,0,0,0
ERR229950,1,1,1,1
ERR229953,0,0,1,1
ERR229954,1,1,1,1
ERR229955,0,0,0,1
ERR229956,1,1,1,1
ERR229957,0,1,1,1
ERR229958,1,1,1,1
ERR229959,1,1,1,0
ERR229960,0,0,1,1
ERR229961,0,1,0,1
ERR229962,0,0,0,1
ERR229964,0,1,1,1
ERR229965,1,0,0,1
ERR229966,0,0,0,1
ERR229967,0,1,1,1
ERR229968,0,0,0,1
ERR229969,0,0,1,0
ERR229970,1,1,1,1
ERR229971,0,0,0,0
ERR229972,1,1,1,1
ERR229973,1,1,1,1
ERR229975,1,1,1,1
ERR229976,0,0,0,1
ERR229977,1,1,1,1
ERR229978,0,0,0,1
ERR229979,1,1,1,1
ERR229981,1,1,1,1
ERR229982,0,0,0,0
ERR229983,0,1,1,1
ERR229984,0,0,0,1
ERR229985,1,1,1,1
ERR229986,1,1,1,1
ERR229987,1,1,1,1
ERR229988,0,0,1,1
ERR229989,0,1,1,1
ERR229990,1,0,0,1
ERR229991,1,1,1,1
ERR229992,1,1,1,1
ERR229993,0,0,0,0
ERR229994,0,0,1,1
ERR229995,0,0,1,1
ERR229997,0,0,1,1
ERR229998,0,0,0,1
ERR229999,0,1,0,1
ERR230001,1,1,1,1
ERR230002,1,1,1,1
ERR230003,0,0,1,1
ERR230004,1,1,1,1
ERR230005,0,0,0,0
ERR230006,0,0,0,1
ERR230007,0,0,0,1
ERR230008,0,0,1,1
ERR230010,1,1,1,1
ERR234556,0,0,0,1
ERR234557,0,0,0,1
ERR234558,1,1,1,0
ERR234559,1,1,1,1
ERR234560,0,0,0,1
ERR234561,1,1,1,0
ERR234562,0,0,0,1
ERR234563,0,0,1,0
ERR234565,0,0,1,1
ERR234569,0,1,1,1
ERR234570,0,0,1,1
ERR234573,0,0,1,1
ERR234574,0,0,1,1
ERR234575,0,1,1,0
ERR234576,0,0,0,1
ERR234577,0,1,1,1
ERR234578,1,1,1,1
ERR234580,1,1,1,1
ERR234581,1,1,1,1
ERR234582,1,1,1,1
ERR234584,0,0,0,0
ERR234585,0,1,1,1
ERR234586,1,1,1,1
ERR234589,0,0,0,1
ERR234590,0,0,0,1
ERR234591,1,1,1,1
ERR234592,1,1,1,1
ERR234593,0,0,1,1
ERR234594,0,0,1,1
ERR234595,0,1,1,1
ERR234596,0,0,0,1
ERR234597,0,0,1,1
ERR234598,0,0,0,1
ERR234599,1,1,1,1
ERR234600,0,0,0,0
ERR234603,1,1,1,1
ERR234606,0,1,0,1
ERR234607,0,0,1,0
ERR234608,0,0,1,1
ERR234609,0,0,0,1
ERR234610,0,0,1,1
ERR234614,0,0,0,0
ERR234616,0,0,1,1
ERR234617,1,1,1,1
ERR234618,0,0,0,1
ERR234619,1,1,1,1
ERR234620,0,1,0,0
ERR234622,0,0,0,0
ERR234623,0,0,1,1
ERR234624,0,1,1,1
ERR234627,0,0,1,1
ERR234630,0,0,0,0
ERR234631,0,0,1,1
ERR234633,0,0,0,1
ERR234634,1,1,0,1
ERR234637,0,0,0,0
ERR234638,1,1,1,1
ERR234639,0,0,0,0
ERR234640,1,1,1,1
ERR234641,0,0,1,1
ERR234642,1,1,1,1
ERR234645,0,0,0,1
ERR234646,0,0,1,1
ERR234647,1,1,1,1
ERR234648,0,0,1,1
ERR234649,0,0,1,0
ERR234650,0,1,0,1
ERR234651,0,1,0,0
ERR234652,1,1,1,1
ERR234653,0,0,1,1
ERR234654,0,0,0,1
ERR234655,0,1,1,1
ERR234657,0,0,0,0
ERR234658,0,0,0,0
ERR234660,0,0,0,1
ERR234661,0,0,0,0
ERR234662,0,1,0,1
ERR234663,1,1,1,1
ERR234664,1,1,1,1
ERR234666,0,0,1,1
ERR234668,0,0,0,0
ERR234669,0,0,1,0
ERR234671,0,0,1,0
ERR234672,0,0,0,0
ERR234674,0,1,1,1
ERR234683,0,1,1,1
ERR234684,1,1,1,1
ERR234685,1,1,1,1
ERR234686,1,1,1,1
ERR234687,1,1,1,1
ERR234688,0,1,0,0
ERR234689,1,1,1,1
ERR234690,1,1,1,1
ERR234691,1,1,1,1
ERR234692,0,0,1,1
ERR234693,0,1,1,1
ERR234694,1,1,1,1
ERR234696,0,1,1,0
ERR234697,1,1,1,1
ERR234698,0,0,1,1
ERR234699,0,1,1,0
ERR400307,1,1,1,1
ERR400308,1,1,1,1
ERR400309,1,1,1,1
ERR400311,1,1,1,1
ERR400312,1,1,1,1
ERR400313,1,1,1,1
ERR400314,1,1,1,1
ERR400316,1,1,1,1
ERR400317,1,1,1,1
ERR400318,1,1,1,1
ERR400324,1,1,1,1
ERR400325,1,1,1,1
ERR400327,1,1,1,1
ERR400328,1,1,1,1
ERR400330,1,1,1,1
ERR400331,0,1,1,1
ERR400332,1,1,1,1
ERR400333,1,1,1,1
ERR400334,1,1,1,1
ERR400337,1,1,1,1
ERR400338,1,1,1,1
ERR400339,1,1,1,1
ERR400341,1,1,1,1
ERR400343,1,1,1,1
ERR400347,1,1,1,1
ERR400348,1,1,1,1
ERR400351,1,1,1,1
ERR400352,1,1,1,1
ERR400353,0,1,1,1
ERR400354,1,1,1,1
ERR400357,1,1,1,1
ERR400358,1,1,1,1
ERR400364,1,1,1,1
ERR400368,1,1,1,1
ERR400369,1,1,1,1
ERR400370,1,1,1,1
ERR400375,1,1,1,1
ERR400376,1,1,1,1
ERR400377,1,1,1,1
ERR400378,1,1,1,1
ERR400380,1,1,1,1
ERR400381,1,1,1,1
ERR400383,1,1,1,1
ERR400386,1,1,1,0
ERR400387,1,1,1,1
ERR400389,1,1,1,1
ERR400390,1,1,1,1
ERR400391,1,1,1,1
ERR400392,1,1,1,1
ERR400393,1,1,1,1
ERR400394,1,1,1,1
ERR400395,1,1,1,1
ERR400396,0,1,1,1
ERR400397,1,1,1,1
ERR400398,1,1,1,1
ERR400399,0,1,1,1
ERR400400,1,1,1,1
ERR400401,1,1,1,1
ERR400402,1,1,1,1
ERR400403,1,1,1,1
ERR400404,1,1,1,1
ERR400405,1,1,1,1
ERR400406,1,1,1,1
ERR400407,1,1,1,1
ERR400408,1,1,1,1
ERR400409,1,1,1,1
ERR400411,1,1,1,1
ERR400413,1,1,1,1
ERR400414,1,1,1,1
ERR400415,1,1,1,1
ERR400416,1,1,1,1
ERR400417,1,1,1,1
ERR400418,1,1,1,1
ERR400419,1,1,1,1
ERR400421,1,1,1,1
ERR400422,0,1,1,1
ERR400423,1,1,1,1
ERR400424,1,1,1,1
ERR400425,1,1,1,1
ERR400426,1,1,1,1
ERR400427,1,1,1,1
ERR400429,1,1,1,1
ERR400430,1,1,1,1
ERR400431,1,1,0,1
ERR400432,1,1,1,1
ERR400433,1,1,1,1
ERR400434,1,1,1,1
ERR400435,1,1,1,1
ERR400436,1,1,1,1
ERR400437,1,1,1,1
ERR400439,1,1,1,1
ERR400440,1,1,1,1
ERR400441,1,1,1,1
ERR400442,1,1,1,1
ERR400444,1,1,1,1
ERR400445,1,1,1,1
ERR400446,1,1,1,1
ERR400447,1,1,1,1
ERR400448,1,1,1,0
ERR400449,1,1,1,1
ERR400450,1,1,1,1
ERR400451,1,1,1,1
ERR400452,1,1,1,1
ERR400453,1,1,1,1
ERR400454,1,1,1,1
ERR400455,1,1,1,1
ERR400457,1,1,1,1
ERR400458,1,1,1,1
ERR400459,1,1,1,1
ERR400460,1,1,1,0
ERR400461,1,1,1,1
ERR400462,1,1,1,1
ERR400463,1,1,1,1
ERR400464,1,1,1,1
ERR400465,1,1,1,1
ERR400466,1,1,1,1
ERR400467,1,1,1,1
ERR400468,1,1,1,1
ERR400469,1,0,1,1
ERR400470,1,1,1,1
ERR400471,1,1,1,1
ERR400472,1,1,1,1
ERR400473,1,1,1,1
ERR400474,1,1,1,1
ERR400475,1,1,1,1
ERR400476,1,1,1,1
ERR400477,1,1,1,1
ERR400478,1,1,1,1
ERR400479,1,1,1,1
ERR400480,1,1,1,1
ERR400481,1,1,1,1
ERR400483,1,1,1,1
ERR400487,1,1,1,1
ERR400489,1,1,1,1
ERR400490,1,1,1,1
ERR400491,1,1,1,1
ERR400492,1,1,1,1
ERR400493,1,1,1,1
ERR400494,1,1,1,1
ERR400497,1,1,1,1
ERR400498,1,1,1,1
ERR400500,1,1,1,1
ERR400504,0,1,1,0
ERR400505,1,1,1,1
ERR400506,1,1,1,1
ERR400507,1,1,1,1
ERR400509,1,1,1,1
ERR400510,1,1,1,1
ERR400511,1,1,1,1
ERR400512,1,1,1,1
ERR400513,1,1,1,1
ERR400514,1,1,1,1
ERR400515,1,1,1,1
ERR400516,1,1,1,1
ERR400518,1,1,1,1
ERR400519,1,1,1,1
ERR400520,1,1,1,1
ERR400521,1,1,1,1
ERR400522,1,1,1,1
ERR400523,1,1,1,1
ERR400524,1,1,1,0
ERR400526,1,1,1,1
ERR400527,1,1,1,1
ERR400528,1,1,1,1
ERR400530,1,1,1,1
ERR400531,1,1,1,1
ERR400532,1,1,1,1
ERR400533,1,1,1,1
ERR400534,1,1,1,1
ERR400535,1,1,1,1
ERR400536,1,1,1,1
ERR400537,1,1,1,1
ERR400540,1,1,1,1
ERR400541,1,1,1,1
ERR400542,1,1,1,1
ERR400543,0,1,1,1
ERR400545,1,1,1,1
ERR400546,1,1,1,1
ERR400547,1,1,1,1
ERR400549,1,1,1,1
ERR400550,1,1,1,1
ERR400551,1,1,1,1
ERR400552,1,1,1,1
ERR400553,0,0,0,0
ERR400554,1,1,1,1
ERR400555,1,1,1,1
ERR400556,1,1,1,1
ERR400557,1,1,1,1
ERR400558,1,1,1,1
ERR550665,0,0,0,0
ERR550712,1,1,1,1
ERR550729,1,1,1,1
ERR550831,1,1,1,1
ERR550901,1,1,1,1
ERR550942,1,1,1,1
ERR551038,0,1,1,1
ERR551067,0,1,0,1
ERR551070,0,1,1,0
ERR551089,1,1,1,1
ERR551101,1,1,1,1
ERR551118,0,1,1,1
ERR551126,0,0,0,0
ERR551174,1,1,1,1
ERR551197,1,1,1,1
ERR551254,1,1,1,1
ERR551336,1,1,1,1
ERR551398,1,1,1,1
ERR551419,1,1,1,1
ERR551438,1,1,1,1
ERR551511,0,0,0,1
ERR551550,1,1,1,1
ERR551566,1,1,1,1
ERR551568,0,1,1,0
ERR551620,0,1,0,0
ERR551725,1,1,1,1
ERR551847,1,1,1,1
ERR551857,1,1,1,1
ERR551915,1,1,1,1
ERR551924,1,1,1,1
ERR551998,1,1,1,1
ERR552081,1,1,1,1
ERR552093,1,1,1,1
ERR552095,1,1,1,1
ERR552116,1,1,1,1
ERR552132,1,1,1,1
ERR552159,1,1,1,1
ERR552246,1,1,1,1
ERR552259,0,1,0,1
ERR552261,1,1,1,1
ERR552267,1,1,1,1
ERR552281,1,1,1,1
ERR552411,1,1,1,1
ERR552427,0,1,1,0
ERR552454,1,1,1,1
ERR552521,1,1,1,1
ERR552553,1,1,1,1
ERR552605,1,1,1,1
ERR552647,1,1,1,1
ERR552662,0,0,0,1
ERR552707,0,1,0,1
ERR552728,1,1,1,1
ERR552729,1,1,1,1
ERR552799,1,1,1,1
ERR552836,1,1,1,1
ERR552853,1,1,1,1
ERR552879,1,1,1,1
ERR552921,1,1,1,1
ERR552935,1,0,1,1
ERR552979,0,0,0,1
ERR553000,0,0,0,1
ERR553009,1,1,1,1
ERR553030,1,1,1,1
ERR553037,0,0,0,1
ERR553130,0,1,1,1
ERR553211,1,0,1,1
ERR553226,1,0,1,0
ERR553258,1,1,1,1
ERR553286,1,1,1,1
ERR553314,0,1,1,1
ERR553347,0,1,1,1
ERR553371,1,1,1,1
ERR553386,1,1,1,1
ERR688008,1,1,1,1
ERR688009,1,1,1,1
ERR688010,1,1,1,1
ERR688011,1,1,1,1
ERR688012,1,1,1,1
ERR688013,0,0,1,0
ERR688014,0,0,1,0
ERR688015,0,0,0,0
ERR688016,0,0,0,0
ERR688017,0,0,0,0
ERR688018,0,0,0,0
ERR688019,0,0,0,0
ERR688020,0,0,1,0
ERR688021,0,0,1,0
ERR688022,0,0,0,0
ERR688023,0,0,0,0
ERR688024,0,0,0,0
ERR688025,0,0,0,0
ERR688026,0,0,0,0
ERR688027,0,0,0,0
ERR688028,0,0,0,0
ERR688029,0,0,0,0
ERR688030,0,0,0,0
ERR688031,0,0,1,0
ERR688032,0,0,0,0
ERR688033,0,0,0,0
ERR688034,0,0,1,0
ERR688035,0,0,0,0
ERR688036,0,0,0,0
ERR688037,0,0,0,0
ERR688038,0,0,1,0
ERR688039,0,0,0,0
ERR688040,0,0,1,0
ERR688041,0,0,0,0
ERR688042,0,0,0,0
ERR688043,0,0,0,0
ERR688044,0,0,0,0
ERR688045,0,0,0,0
ERR688046,0,0,0,0
ERR688047,0,0,0,0
ERR688048,0,0,0,0
ERR688049,0,0,0,0
IDR1100019254,1,1,1,1
IDR1100023189,1,1,1,1
IDR1200003374,1,1,1,1
IDR1200008928,0,0,1,1
IDR1200022433,0,0,0,1
IDR1200022434,0,0,1,1
IDR1200023774,0,0,1,1
IDR1200030168,0,0,0,1
IDR1300005060,0,0,1,1
IDR1300010061,0,0,0,0
IDR1300016371,0,1,1,1
IDR1300018388,1,1,1,1
IDR1300019614,0,0,0,0
IDR1300021110,0,1,1,1
IDR1300022959,1,1,1,1
IDR1300023467,1,1,1,1
IDR1300033719,0,0,1,0
IDR1400001909,1,1,1,1
IDR1400004223,1,1,1,1
IDR1400006549,0,0,1,1
IDR1400008041,0,1,1,1
IDR1400009529,1,1,1,1
IDR1400028307,1,1,1,1
IDR1400029413,0,1,1,1
IDR1400029458,1,1,1,1
IDR1400032120,1,1,1,1
IDR1400032281,1,1,1,1
IDR1400033739,1,1,1,1
IDR1400033866,1,1,1,1
IDR1400034450,1,1,1,0
IDR1400036339,1,1,1,1
IDR1500003469,0,0,0,1
IDR1500006146,0,1,1,1
IDR1500007955,1,1,1,1
IDR1500008439,1,1,1,1
IDR1500009074,0,0,1,1
IDR1500045852,0,1,1,1
IDR1500048671,1,1,1,1
IDR1500048830,1,1,1,1
IDR1500049950,0,1,1,1
IDR1500050467,1,1,1,1
IDR1500051244,1,1,1,1
IDR1500051248,1,1,1,1
IDR1500051477,1,1,1,1
IDR1500051828,1,1,1,1
IDR1500052024,1,1,1,1
IDR1500052246,0,1,1,0
IDR1500052248,0,0,0,0
IDR1500052791,1,1,1,1
IDR1500052794,1,1,1,1
IDR1500052969,1,1,1,1
IDR1500053361,1,1,1,1
IDR1500053362,1,1,1,1
IDR1500053652,1,1,1,1
IDR1500053660,0,1,1,1
IDR1500054144,1,1,1,1
IDR1500054147,0,1,1,1
IDR1500054148,1,1,1,1
IDR1500054445,1,1,1,1
IDR1500054922,1,1,1,1
IDR1500055140,1,1,1,1
IDR1500055398,1,1,1,1
IDR1500056763,1,1,1,1
IDR1500056764,1,1,1,1
IDR1500056766,1,1,1,0
IDR1500056767,1,1,1,1
IDR1500057022,0,1,1,0
IDR1500057177,1,1,1,0
IDR1500057631,1,1,1,1
IDR1500057969,1,1,1,1
IDR1500057970,1,1,1,1
IDR1500058176,1,1,1,1
IDR1500058475,1,1,1,1
IDR1500059313,1,1,1,1
IDR1500059320,1,1,1,1
IDR1500059803,1,1,1,1
IDR1500059889,1,1,1,1
IDR1500060570,1,1,1,0
IDR1500061013,1,1,1,1
IDR1500061127,1,1,1,1
IDR1500061133,1,1,1,1
IDR1500061876,1,1,1,0
IDR1500061908,1,1,1,1
IDR1500061909,0,1,1,1
IDR1500062006,1,1,1,1
IDR1500062042,1,1,1,1
IDR1500062168,1,1,1,1
IDR1500062169,1,1,1,1
IDR1500062183,1,1,1,1
IDR1500062349,1,1,1,1
IDR1500062350,1,1,1,1
IDR1500062509,1,1,1,1
IDR1500062511,1,1,1,1
IDR1500062635,1,1,1,1
IDR1500062818,1,1,1,1
IDR1500062826,1,1,1,0
IDR1500063002,0,1,1,1
IDR1500063136,1,1,1,1
IDR1500063304,1,1,1,1
IDR1500063732,1,1,1,1
IDR1500065550,1,1,1,1
IDR1500065702,1,1,1,1
IDR1500065704,1,1,1,1
IDR1500066192,1,1,1,1
IDR1500066354,1,1,1,1
IDR1500066660,1,1,1,1
IDR1500066661,1,1,1,1
IDR1500066750,1,1,1,1
IDR1500066946,0,1,1,1
IDR1500067319,1,1,1,1
IDR1500067320,1,1,1,1
IDR1500067323,1,1,1,1
IDR1500067462,1,1,1,1
IDR1500067984,1,1,1,1
IDR1500068120,1,1,1,1
IDR1500068721,0,1,1,1
IDR1500068895,1,1,1,1
IDR1500068896,1,1,1,1
IDR1500069348,1,1,1,1
IDR1500069613,1,1,1,1
IDR1500069614,1,1,1,1
IDR1500069726,1,1,1,1
IDR1500070283,1,1,1,1
IDR1500070812,1,1,1,1
IDR1500070900,1,1,1,1
IDR1500071331,1,1,1,1
IDR1500071802,1,1,1,1
IDR1500072113,1,1,1,0
IDR1500072159,1,1,1,1
IDR1500072206,1,1,1,1
IDR1500072381,1,1,1,1
IDR1500072738,1,1,1,1
IDR1600000081,1,1,1,1
IDR1600000150,1,1,1,1
IDR1600000287,1,1,1,1
IDR1600000436,1,1,1,1
IDR1600000553,1,1,1,1
IDR1600000568,1,1,1,1
IDR1600000643,1,1,1,1
IDR1600000726,0,1,1,1
IDR1600000941,1,1,1,0
IDR1600001203,1,1,1,0
IDR1600001648,1,1,1,1
IDR1600001649,1,1,1,1
IDR1600001950,1,1,1,1
IDR1600001953,1,1,1,1
IDR1600002109,0,1,1,1
IDR1600002325,1,1,1,1
IDR1600002326,1,1,1,1
IDR1600002328,1,1,1,1
IDR1600003443,0,1,0,1
IDR1600003497,1,1,1,1
IDR1600003653,1,1,1,1
IDR1600003708,1,1,1,1
IDR1600003836,1,1,1,1
IDR1600003837,1,1,1,1
IDR1600004178,1,1,1,1
IDR1600004382,1,1,1,1
IDR1600004865,1,1,1,1
IDR1600004867,1,1,1,1
IDR1600005536,1,1,1,1
IDR1600005538,1,1,1,1
IDR1600005546,1,1,1,1
IDR1600005548,1,1,1,1
IDR1600005829,1,1,1,1
IDR1600006792,1,1,1,1
IDR1600007779,1,1,1,1
IDR1600009864,1,1,1,1
IDR1600009867,1,1,1,1
IDR1600010492,1,1,1,1
IDR1600010494,1,1,1,1
IDR1600010936,0,1,1,1
IDR1600011801,1,1,1,1
IDR1600012094,1,1,1,1
IDR1600012207,1,1,1,1
IDR1600012456,1,1,1,1
IDR1600012753,1,1,1,1
IDR1600012758,1,1,1,1
IDR1600012759,1,1,1,1
IDR1600014124,1,1,1,1
IDR1600014409,1,1,1,1
IDR1600015259,1,1,1,0
IDR1600015741,1,1,1,0
IDR1600016611,1,1,1,1
IDR1600016942,1,1,1,1
IDR1600017091,1,1,1,0
IDR1600017097,1,1,1,1
IDR1600017137,0,1,1,1
IDR1600017466,1,1,1,0
IDR1600017477,1,1,1,1
IDR1600017905,1,1,1,1
IDR1600017938,1,1,1,1
IDR1600018162,1,1,1,1
IDR1600018194,1,1,1,1
IDR1600018197,1,1,1,1
IDR1600018201,1,1,1,1
IDR1600018864,1,1,1,1
IDR1600019639,1,1,1,1
IDR1600019640,1,1,1,1
IDR1600020177,1,1,1,1
IDR1600020192,1,1,1,1
IDR1600020570,1,1,1,1
IDR1600020737,1,1,1,1
IDR1600020953,1,1,1,1
IDR1600020957,1,1,1,1
IDR1600021226,1,1,1,1
IDR1600021320,1,1,1,1
IDR1600021878,1,1,1,1
IDR1600022505,1,1,1,1
IDR1600022826,1,1,1,1
IDR1600022827,1,1,1,1
IDR1600022912,1,1,1,1
IDR1600023111,1,1,1,1
IDR1600023647,1,1,1,1
IDR1600023714,1,1,1,1
IDR1600023715,1,1,1,1
IDR1600023875,1,1,1,1
IDR1600024367,1,1,1,1
IDR1600025151,1,1,1,1
IDR1600025154,1,1,1,1
IDR1600025156,1,1,1,1
IDR1600025158,1,1,1,1
IDR1600025163,1,1,1,1
IDR1600025428,1,1,1,1
IDR1600025432,1,1,1,0
IDR1600025436,1,1,1,1
IDR1600025442,1,1,1,0
IDR1600026227,1,1,1,1
IDR1600026421,1,1,1,1
IDR1600026642,1,1,1,1
IDR1600026643,1,1,1,1
IDR1600026645,1,1,1,1
IDR1600026772,1,1,1,1
IDR1600027315,1,1,1,1
IDR1600027328,0,1,1,1
IDR1600027999,1,1,1,1
IDR1600028000,1,1,1,1
IDR1600028279,1,1,1,1
IDR1600028520,1,1,1,1
IDR1600028710,1,1,1,1
IDR1600028711,1,1,1,1
IDR1600028712,1,1,1,1
IDR1600029540,1,1,1,1
IDR1600029939,1,1,1,1
IDR1600030763,1,1,1,1
IDR1600031131,1,1,1,1
IDR1600031529,1,1,1,1
IDR1600031875,1,1,1,1
IDR1600032077,1,1,1,1
IDR1600032078,1,1,1,1
IDR1600032334,1,1,1,1
IDR1600032721,1,1,1,1
IDR1600033122,1,1,1,1
IDR1600033123,1,1,1,1
IDR1600033125,1,1,1,1
IDR1600033693,0,1,0,1
IDR1600034314,1,1,1,1
IDR1600034869,1,1,1,1
IDR1600034870,1,1,1,1
IDR1600035065,1,1,1,1
IDR1600035086,1,1,1,1
IDR1600035148,1,1,1,1
IDR1600035227,1,1,1,1
IDR1600035377,1,1,1,1
IDR1600035835,1,1,1,1
IDR1600035837,1,1,1,1
IDR1600036511,1,1,1,1
IDR1600036513,1,1,1,1
IDR1600037099,1,1,1,1
IDR1600037187,1,1,1,1
IDR1600037413,1,1,1,1
IDR1600037626,1,1,1,1
IDR1600037628,1,1,1,1
IDR1600037632,1,1,1,1
IDR1600037777,1,1,1,1
IDR1600037778,1,1,1,1
IDR1600038976,1,1,1,1
IDR1600039182,1,1,1,1
IDR1600039184,1,1,1,1
IDR1600039759,1,1,1,1
IDR1600039956,1,1,1,1
IDR1600039993,1,1,1,1
IDR1600040178,1,1,1,1
IDR1600040333,1,1,1,1
IDR1600040334,1,1,1,1
IDR1600040335,1,1,1,1
IDR1600040948,0,1,1,1
IDR1600041271,1,1,1,1
IDR1600041577,1,1,1,1
IDR1600041578,1,1,1,1
IDR1600041579,1,1,1,1
IDR1600041936,1,1,1,1
IDR1600042261,1,1,1,1
IDR1600044034,1,1,1,1
IDR1600044037,1,1,1,1
IDR1600044038,1,1,1,1
IDR1600044280,1,1,1,1
IDR1600044301,1,1,1,1
IDR1600044954,1,1,1,1
IDR1600044955,1,1,1,1
IDR1600045481,1,1,1,1
IDR1600046643,1,1,1,1
IDR1600046655,1,1,1,1
IDR1600047649,1,1,1,1
IDR1600048331,1,1,1,1
IDR1600048388,0,1,1,1
IDR1600048617,1,1,1,1
IDR1600048627,1,1,1,1
IDR1600049248,1,1,1,1
IDR1600049307,1,1,1,1
IDR1600049674,1,1,1,1
IDR1600049832,1,1,1,1
IDR1600050510,0,1,1,1
IDR1600051430,1,1,1,1
IDR1600051431,1,1,1,1
IDR1600051546,0,1,1,1
IDR1600052366,1,1,1,1
IDR1600052673,1,1,1,1
IDR1600053030,1,1,1,1
IDR1600053034,1,1,1,1
IDR1600053042,1,1,1,1
IDR1600053044,1,1,1,1
IDR1600053046,1,1,1,1
IDR1600053446,1,1,1,1
IDR1600053447,1,1,1,1
IDR1600053449,1,1,1,1
IDR1600054129,1,1,1,1
IDR1600054265,1,1,1,1
IDR1600055023,1,1,1,1
IDR1600055075,1,1,1,0
IDR1600055997,0,1,1,1
IDR1600057520,0,1,1,1
IDR1600057546,1,1,1,1
IDR1600058060,1,1,1,1
IDR1600058226,1,1,1,1
IDR1600058228,1,1,1,1
IDR1600058701,1,1,1,1
IDR1700001341,1,1,1,1
IDR1700001550,1,1,1,1
IDR1700002714,1,1,1,1
IDR1700003363,1,1,1,1
IDR1700004200,1,1,1,1
IDR1700006498,1,1,1,1
IDR1700006499,1,1,1,1
IDR1700008839,1,1,1,1
IDR1700008840,1,1,1,1
IFP-55731489,0,0,1,1
IFP-5aa82f2c,0,0,1,1
IFP-6ef3881c,0,0,1,1
IFP-705d86b8,1,1,1,1
MT-0080,1,1,1,1
MT-0712,1,1,1,1
MT-0718,1,1,1,1
MT-0972,1,1,1,1
MT-1103,1,1,1,1
MT-1128,0,1,1,1
MT-1167,1,1,1,1
MT-1206,1,1,1,1
MT-1212,1,1,1,1
MT-1247,1,1,1,1
MT-13-1408,1,1,1,1
MT-13-1711,1,1,1,1
MT-13-1712,1,1,1,1
MT-13-1753,1,1,1,1
MT-13-1828,1,1,1,1
MT-13-1835,1,1,1,1
MT-13-1892,1,1,1,1
MT-13-2012,1,1,1,1
MT-13-2384,1,1,1,1
MT-131,1,1,1,1
MT-1336,1,1,1,1
MT-1345,1,1,1,1
MT-1393,1,1,1,1
MT-140,1,1,1,1
MT-1403,1,1,1,1
MT-1466,1,1,1,1
MT-1499,1,1,1,1
MT-1549,1,1,1,1
MT-1605,1,1,1,1
MT-1684,1,1,1,1
MT-1799,1,1,1,1
MT-1838,1,1,1,1
MT-1971,1,1,1,1
MT-2151,1,1,1,1
MT-2174,1,1,1,1
MT-2175,1,1,1,1
MT-2178,1,1,1,1
MT-2184,1,1,1,1
MT-2224,1,1,1,1
MT-2356,1,1,1,1
MT-2465,1,1,1,1
MT-2473,1,1,1,1
MT-2474,1,1,1,1
MT-2538,1,1,1,1
MT-2665,1,1,1,1
MT-2667,1,1,1,1
MT-2706,1,1,1,1
MT-2720,1,1,1,1
MT-2762,1,1,1,1
MT-2768,1,1,1,1
MT-2769,1,1,1,1
MT-2771,1,1,1,1
MT-2792,1,1,1,1
MT-2800,1,1,1,1
MT-289,1,1,1,1
MT-2905,1,1,1,1
MT-2910,1,1,1,1
MT-2931,1,1,1,1
MT-3000,1,1,1,1
MT-3004,1,1,1,1
MT-3074,1,1,1,1
MT-3173,1,1,1,1
MT-3194,1,1,1,1
MT-3239,1,1,1,1
MT-3255,1,1,1,1
MT-3271,1,1,1,1
MT-3281,1,1,1,1
MT-3296,1,1,1,1
MT-3341,1,1,1,1
MT-3673,1,1,1,1
MT-3683,1,1,1,1
MT-3787,1,1,1,1
MT-389,1,1,1,1
MT-393,1,1,1,1
MT-398,1,1,1,1
MT-405,1,1,1,1
MT-4067,1,1,1,1
MT-4137,1,1,1,1
MT-4166,1,1,1,1
MT-4230,1,1,1,1
MT-441,1,1,1,1
MT-452,1,1,1,1
MT-467,1,1,1,1
MT-4683,1,1,1,1
MT-4846,1,1,1,1
MT-4854,1,1,1,1
MT-4884,1,1,1,1
MT-4942,1,1,1,1
MT-504,1,1,1,1
MT-5195,1,1,1,1
MT-5337,1,1,1,1
MT-5373,1,1,1,1
MT-5383,1,1,1,1
MT-5447,1,1,1,1
MT-5531,1,1,1,1
MT-5543,1,1,1,1
MT-567,1,1,1,1
MT-5870,1,1,1,1
MT-5983,1,1,1,1
MT-6084,1,1,1,1
MT-6205,1,1,1,1
MT-6218,1,1,1,1
MT-6226,1,1,1,1
MT-6429,0,1,1,1
MT-661,1,1,1,1
MT-692,1,1,1,1
MT-721,1,1,1,1
MT-751,1,1,1,1
MT-853,1,1,1,1
MT-877,1,1,1,1
NCTBLD-00ABD3B6,0,0,0,0
NCTBLD-04FE2439,0,0,0,0
NCTBLD-0CAEBE19,1,0,1,1
NCTBLD-0E991CB0,0,0,0,0
NCTBLD-0EC3D488,1,0,1,1
NCTBLD-14A94538,0,0,0,1
NCTBLD-2127301D,0,0,0,0
NCTBLD-2544E8D4,0,0,0,0
NCTBLD-274E5F19,0,0,1,1
NCTBLD-2C510410,0,0,0,0
NCTBLD-2F006722,0,0,0,0
NCTBLD-3DF4B20E,0,0,0,0
NCTBLD-3F85656B,0,0,0,0
NCTBLD-470669ED,0,0,1,0
NCTBLD-50343D1F,0,1,0,1
NCTBLD-5B09AD51,0,0,1,1
NCTBLD-68F23A9C,0,0,1,1
NCTBLD-6E6A8381,0,0,1,1
NCTBLD-7372D6D5,0,0,0,0
NCTBLD-7B542583,0,0,0,0
NCTBLD-80FBF8C2,0,0,0,1
NCTBLD-85026B36,0,0,0,0
NCTBLD-88ACBA10,0,0,0,1
NCTBLD-8952EAB1,0,0,0,0
NCTBLD-8DE3851B,0,0,1,1
NCTBLD-91D5DE42,0,0,0,0
NCTBLD-943166BA,0,0,0,0
NCTBLD-9AE6EFB1,0,1,0,0
NCTBLD-A114D4AB,0,0,0,0
NCTBLD-A739EFCF,1,0,1,1
NCTBLD-AEC55DE4,0,0,0,0
NCTBLD-B50D0308,0,0,0,0
NCTBLD-C4536D5C,0,0,0,0
NCTBLD-C76B52AE,0,0,1,0
NCTBLD-CE060066,0,0,0,0
NCTBLD-D9EC9F0A,0,0,1,0
NCTBLD-E220CCBD,0,0,1,0
NCTBLD-EF958CE4,0,0,0,0
SRR1002678,0,0,0,1
SRR1002679,1,1,1,0
SRR1002680,0,0,0,0
SRR1002683,1,1,1,1
SRR1002684,0,0,1,1
SRR1002685,0,1,1,1
SRR1002686,0,0,1,0
SRR1002690,0,0,0,0
SRR1002693,0,1,1,1
SRR1002694,0,0,0,1
SRR1002695,1,1,1,1
SRR1002697,0,0,0,0
SRR1002698,0,1,1,1
SRR1002700,0,1,1,1
SRR1002701,1,1,1,1
SRR1269311,0,0,0,1
SRR1269450,0,0,0,1
SRR1269465,0,0,0,1
SRR1269471,0,0,0,1
SRR1269488,0,0,0,1
SRR1269489,0,0,1,1
SRR1269490,0,0,0,1
SRR1269491,0,0,0,0
SRR1269492,0,0,0,0
SRR1269493,0,0,0,0
SRR1269494,0,0,0,1
SRR1269495,0,0,0,1
SRR1269496,0,0,0,0
SRR1269497,0,0,0,0
SRR1269500,0,0,0,1
SRR1269561,0,0,0,1
SRR1269562,0,0,0,1
SRR1269564,0,0,0,1
SRR1269565,0,0,0,1
SRR1269566,0,0,0,1
SRR1269683,0,0,0,1
SRR1269684,0,0,0,1
SRR1270146,0,0,0,0
SRR1270147,0,0,0,1
SRR1270149,0,0,0,1
SRR1270186,0,0,0,1
SRR1270409,0,0,0,1
SRR1270410,0,0,0,0
SRR1270411,0,0,0,0
SRR1270415,0,0,0,0
SRR1270652,0,0,0,0
SRR2099924,1,1,1,1
SRR2099925,1,1,1,1
SRR2099926,1,1,1,1
SRR2099927,1,1,1,1
SRR2099928,1,1,1,1
SRR2099929,1,1,1,1
SRR2099931,1,1,1,1
SRR2099932,1,1,1,1
SRR2099934,1,1,1,1
SRR2099935,1,1,1,1
SRR2099937,1,1,1,1
SRR2099938,1,1,1,1
SRR2099939,1,1,1,1
SRR2099940,1,1,1,1
SRR2099941,1,1,1,1
SRR2099942,1,1,1,1
SRR2099943,1,1,1,1
SRR2099944,1,1,1,1
SRR2099945,1,1,1,1
SRR2099946,1,1,1,1
SRR2099947,1,1,1,1
SRR2099949,0,0,1,1
SRR2099950,1,1,1,1
SRR2099951,1,1,1,1
SRR2099954,1,1,1,1
SRR2099956,0,0,1,1
SRR2099957,1,1,1,1
SRR2099958,0,1,1,1
SRR2099959,0,1,1,1
SRR2099960,0,1,1,1
SRR2099961,0,1,1,1
SRR2099963,0,1,1,1
SRR2099964,0,1,1,1
SRR2099965,0,1,1,1
SRR2099966,0,1,1,1
SRR2099967,0,1,1,1
SRR2099968,0,1,1,1
SRR2099969,0,0,0,0
SRR2099970,0,1,1,1
SRR2099974,0,0,0,1
SRR2099975,0,1,1,1
SRR2099976,0,0,1,1
SRR2099977,0,1,1,1
SRR2099978,0,0,1,1
SRR2099979,0,1,1,1
SRR2099980,0,1,1,1
SRR2099981,0,1,1,1
SRR2099982,0,0,1,1
SRR2099983,0,1,1,1
SRR2099984,0,1,1,1
SRR2099985,0,1,1,1
SRR2099986,0,1,1,1
SRR2099988,0,1,1,1
SRR2099989,0,1,1,1
SRR2099990,1,1,1,1
SRR2099991,1,1,1,1
SRR2099992,1,1,1,1
SRR2099993,1,1,1,1
SRR2099994,1,1,1,1
SRR2099995,1,1,1,1
SRR2099996,1,1,1,1
SRR2099997,1,1,1,1
SRR2099998,1,1,1,1
SRR2099999,1,1,1,1
SRR2100000,1,1,1,1
SRR2100001,1,1,1,1
SRR2100002,1,1,1,1
SRR2100003,1,1,1,1
SRR2100004,1,1,1,1
SRR2100005,1,1,1,1
SRR2100006,0,1,1,1
SRR2100007,1,1,1,1
SRR2100008,1,1,1,1
SRR2100009,1,1,1,1
SRR2100010,1,1,1,1
SRR2100011,1,1,1,1
SRR2100012,1,1,1,1
SRR2100013,1,1,1,1
SRR2100014,1,1,1,1
SRR2100015,0,1,1,1
SRR2100016,1,1,1,1
SRR2100017,1,1,1,1
SRR2100018,1,1,1,1
SRR2100019,1,1,1,1
SRR2100020,1,1,1,1
SRR2100021,0,0,1,1
SRR2100022,1,1,1,1
SRR2100023,1,1,1,1
SRR2100024,1,1,1,1
SRR2100025,1,1,1,1
SRR2100027,1,1,1,1
SRR2100028,1,1,1,1
SRR2100029,1,1,1,1
SRR2100030,1,1,1,1
SRR2100031,0,1,1,1
SRR2100032,0,1,1,1
SRR2100033,1,1,1,1
SRR2100034,1,1,1,1
SRR2100035,1,1,1,1
SRR2100036,1,1,1,1
SRR2100037,1,1,1,1
SRR2100038,1,1,1,1
SRR2100039,1,1,1,1
SRR2100040,1,1,1,1
SRR2100041,1,1,1,1
SRR2100042,1,1,1,1
SRR2100043,1,1,1,1
SRR2100045,1,1,1,1
SRR2100046,1,1,1,1
SRR2100047,1,1,1,1
SRR2100048,1,1,1,1
SRR2100049,1,1,1,1
SRR2100051,1,1,1,1
SRR2100052,1,1,1,1
SRR2100053,1,1,1,1
SRR2100054,1,1,1,1
SRR2100055,1,1,1,1
SRR2100056,1,1,1,1
SRR2100057,1,1,1,1
SRR2100058,0,1,1,1
SRR2100059,1,1,1,1
SRR2100061,1,1,1,1
SRR2100062,1,1,1,1
SRR2100063,1,1,1,1
SRR2100064,1,1,1,1
SRR2100065,0,1,1,1
SRR2100066,1,1,1,1
SRR2100068,1,1,1,1
SRR2100069,1,1,1,1
SRR2100070,1,1,1,1
SRR2100071,1,1,1,1
SRR2100072,1,1,1,0
SRR2100073,1,1,1,1
SRR2100074,1,1,1,0
SRR2100075,1,1,1,1
SRR2100076,1,1,1,1
SRR2100077,1,1,1,1
SRR2100078,1,1,1,1
SRR2100079,1,1,1,1
SRR2100080,1,1,1,1
SRR2100081,1,1,1,1
SRR2100082,1,1,1,1
SRR2100083,1,1,1,1
SRR2100084,1,1,1,1
SRR2100085,1,1,1,1
SRR2100086,1,1,1,1
SRR2100087,1,1,1,1
SRR2100088,1,1,1,1
SRR2100089,1,1,1,1
SRR2100090,1,1,1,1
SRR2100091,1,1,1,1
SRR2100092,1,1,1,1
SRR2100093,1,1,1,1
SRR2100094,1,1,1,1
SRR2100095,1,1,1,1
SRR2100096,1,1,1,1
SRR2100097,0,1,1,0
SRR2100098,1,1,1,1
SRR2100099,1,1,1,1
SRR2100100,1,1,1,1
SRR2100101,0,0,1,1
SRR2100102,1,1,1,1
SRR2100103,1,1,1,1
SRR2100104,1,1,1,1
SRR2100105,1,1,1,1
SRR2100106,1,1,1,1
SRR2100107,1,1,1,1
SRR2100108,0,1,1,1
SRR2100109,1,1,1,1
SRR2100110,1,1,1,1
SRR2100111,1,1,1,1
SRR2100112,1,1,1,1
SRR2100113,1,1,1,1
SRR2100114,1,1,1,1
SRR2100115,1,1,1,1
SRR2100116,1,1,1,1
SRR2100117,1,1,1,1
SRR2100118,1,1,1,1
SRR2100119,1,1,1,1
SRR2100120,1,1,1,1
SRR2100121,1,1,1,1
SRR2100122,1,1,1,1
SRR2100123,1,1,1,1
SRR2100124,1,1,1,1
SRR2100125,1,1,1,1
SRR2100126,1,1,1,1
SRR2100127,1,1,1,1
SRR2100128,1,1,1,1
SRR2100129,1,1,1,1
SRR2100130,1,1,1,1
SRR2100131,0,1,1,0
SRR2100132,0,0,0,0
SRR2100133,1,1,1,1
SRR2100134,1,1,1,1
SRR2100135,1,1,1,1
SRR2100136,1,1,1,1
SRR2100137,1,1,1,1
SRR2100138,1,1,1,1
SRR2100139,1,1,1,1
SRR2100140,1,1,1,1
SRR2100141,1,1,1,1
SRR2100142,1,1,1,1
SRR2100143,1,1,1,1
SRR2100144,1,1,1,1
SRR2100145,1,1,1,1
SRR2100146,1,1,1,1
SRR2100147,1,1,1,1
SRR2100148,0,1,1,1
SRR2100150,1,1,1,1
SRR2100151,1,1,1,1
SRR2100152,1,1,1,1
SRR2100153,1,1,1,1
SRR2100154,1,1,1,1
SRR2100155,1,1,1,1
SRR2100156,0,1,1,1
SRR2100157,0,1,1,1
SRR2100158,0,1,1,1
SRR2100159,0,1,1,1
SRR2100160,1,1,1,1
SRR2100161,1,1,1,1
SRR2100162,1,1,1,1
SRR2100164,1,1,1,1
SRR2100165,1,1,1,1
SRR2100166,0,1,1,1
SRR2100167,0,1,1,1
SRR2100168,0,1,1,1
SRR2100169,1,1,1,1
SRR2100170,1,1,1,1
SRR2100171,1,1,1,1
SRR2100172,1,1,1,1
SRR2100173,1,1,1,1
SRR2100174,1,1,1,1
SRR2100175,0,1,1,1
SRR2100176,0,1,1,1
SRR2100177,0,1,1,1
SRR2100178,0,1,1,1
SRR2100179,0,1,1,1
SRR2100180,1,1,1,1
SRR2100181,1,1,1,1
SRR2100182,1,1,1,1
SRR2100183,1,1,1,1
SRR2100185,1,1,1,1
SRR2100186,0,1,1,1
SRR2100187,0,1,1,1
SRR2100188,0,1,1,1
SRR2100189,0,1,1,1
SRR2100190,1,1,1,1
SRR2100191,1,1,1,1
SRR2100192,1,1,1,1
SRR2100193,1,1,1,1
SRR2100194,0,1,1,1
SRR2100195,1,1,1,1
SRR2100196,0,1,1,1
SRR2100197,0,1,1,1
SRR2100198,0,1,1,1
SRR2100199,1,1,1,1
SRR2100200,1,1,1,1
SRR2100201,1,1,1,1
SRR2100202,1,1,1,1
SRR2100203,1,1,1,1
SRR2100204,1,1,1,1
SRR2100205,1,1,1,1
SRR2100206,1,0,1,1
SRR2100208,0,1,1,1
SRR2100209,0,1,1,1
SRR2100210,1,1,1,1
SRR2100211,1,1,1,1
SRR2100212,1,1,1,1
SRR2100213,1,1,1,1
SRR2100214,1,1,1,1
SRR2100215,0,1,1,1
SRR2100216,0,1,1,1
SRR2100217,0,0,1,1
SRR2100218,0,1,1,1
SRR2100219,0,1,1,1
SRR2100220,0,1,1,1
SRR2100221,1,1,1,1
SRR2100222,1,1,1,1
SRR2100223,1,1,1,1
SRR2100224,1,1,1,1
SRR2100225,0,1,1,1
SRR2100226,1,0,1,1
SRR2100227,0,0,0,1
SRR2100228,0,1,0,1
SRR2100229,0,1,1,1
SRR2100230,1,1,1,1
SRR2100231,0,0,0,1
SRR2100232,1,1,1,1
SRR2100233,1,1,1,1
SRR2100234,0,0,0,1
SRR2100235,1,1,1,1
SRR2100236,1,1,1,1
SRR2100237,1,1,1,1
SRR2100238,0,0,1,0
SRR2100240,0,1,1,1
SRR2100242,1,1,1,1
SRR2100243,1,1,1,1
SRR2100244,1,1,1,1
SRR2100245,0,1,1,1
SRR2100246,0,0,1,1
SRR2100247,1,1,1,1
SRR2100248,0,1,1,1
SRR2100249,0,1,1,1
SRR2100250,0,0,1,1
SRR2100251,0,1,1,1
SRR2100252,1,1,1,1
SRR2100253,1,1,1,1
SRR2100254,1,1,1,1
SRR2100255,1,1,1,1
SRR2100256,1,1,1,1
SRR2100257,0,0,0,1
SRR2100258,0,1,1,1
SRR2100259,0,1,1,1
SRR2100260,0,1,1,1
SRR2100261,0,1,1,1
SRR2100262,1,1,1,1
SRR2100263,1,1,1,1
SRR2100264,1,1,1,1
SRR2100265,1,1,1,1
SRR2100266,1,1,1,1
SRR2100267,0,0,0,1
SRR2100268,1,1,1,1
SRR2100269,1,1,1,1
SRR2100271,0,1,1,1
SRR2100272,0,1,1,1
SRR2100273,1,1,1,1
SRR2100274,1,1,1,1
SRR2100275,1,1,1,1
SRR2100276,1,1,1,1
SRR2100277,1,1,1,1
SRR2100278,0,1,1,1
SRR2100279,1,1,1,1
SRR2100280,1,1,1,1
SRR2100281,1,1,1,1
SRR2100282,0,0,1,1
SRR2100283,0,1,1,1
SRR2100284,1,1,1,1
SRR2100285,1,1,1,1
SRR2100286,1,1,1,1
SRR2100287,1,1,1,1
SRR2100288,0,1,1,0
SRR2100289,0,1,1,1
SRR2100290,0,1,1,1
SRR2100291,1,1,1,1
SRR2100292,1,1,1,1
SRR2100293,1,1,1,1
SRR2100294,0,0,1,0
SRR2100295,0,1,1,1
SRR2100296,1,1,1,1
SRR2100297,1,1,1,1
SRR2100298,1,1,1,1
SRR2100299,1,1,1,1
SRR2100300,0,1,1,1
SRR2100301,0,0,1,1
SRR2100302,1,1,1,1
SRR2100303,1,1,1,1
SRR2100304,1,1,1,1
SRR2100305,1,1,1,1
SRR2100306,0,0,0,0
SRR2100307,1,1,1,1
SRR2100308,1,1,1,1
SRR2100309,1,1,1,1
SRR2100310,1,1,1,1
SRR2100311,1,1,1,1
SRR2100313,1,1,1,1
SRR2100314,1,1,1,1
SRR2100315,1,1,1,1
SRR2100316,1,1,1,1
SRR2100317,1,1,1,1
SRR2100318,1,1,1,1
SRR2100319,1,1,1,1
SRR2100320,0,1,1,1
SRR2100321,0,1,1,1
SRR2100322,1,1,1,1
SRR2100323,0,1,1,1
SRR2100324,0,0,1,1
SRR2100325,0,1,1,1
SRR2100326,1,1,1,1
SRR2100327,1,1,1,1
SRR2100328,1,1,1,1
SRR2100329,1,1,1,1
SRR2100330,1,1,1,1
SRR2100331,0,0,1,0
SRR2100332,0,1,1,1
SRR2100333,1,1,1,1
SRR2100334,1,1,1,1
SRR2100335,0,0,0,1
SRR2100336,1,1,1,1
SRR2100337,1,1,1,1
SRR2100338,1,1,1,1
SRR2100339,1,1,1,1
SRR2100340,0,1,1,1
SRR2100341,0,1,1,1
SRR2100342,0,1,1,1
SRR2100343,0,1,1,1
SRR2100344,0,1,1,1
SRR2100345,1,1,1,1
SRR2100346,1,1,1,1
SRR2100347,1,1,1,1
SRR2100348,1,1,1,1
SRR2100349,0,0,1,1
SRR2100350,0,1,1,1
SRR2100351,0,1,1,1
SRR2100352,0,0,0,0
SRR2100353,0,1,1,1
SRR2100355,1,1,1,1
SRR2100356,1,1,1,1
SRR2100357,1,1,1,1
SRR2100358,1,1,1,1
SRR2100359,0,1,1,1
SRR2100360,1,1,1,1
SRR2100361,1,1,1,1
SRR2100362,1,1,1,1
SRR2100363,1,1,1,1
SRR2100364,1,1,1,1
SRR2100365,1,1,1,1
SRR2100366,1,1,1,1
SRR2100367,0,0,1,1
SRR2100368,0,0,1,1
SRR2100369,0,1,1,1
SRR2100370,0,1,1,1
SRR2100371,1,1,1,1
SRR2100372,1,1,1,1
SRR2100373,1,1,1,1
SRR2100374,0,1,1,1
SRR2100375,1,1,1,1
SRR2100376,0,0,1,0
SRR2100377,0,1,1,1
SRR2100378,1,1,1,1
SRR2100379,1,1,1,1
SRR2100380,1,1,1,1
SRR2100381,1,1,1,1
SRR2100382,1,1,1,1
SRR2100383,0,1,1,1
SRR2100384,1,1,1,1
SRR2100385,0,0,0,0
SRR2100386,0,1,1,1
SRR2100388,0,0,1,1
SRR2100389,1,0,0,0
SRR2100391,0,1,1,1
SRR2100392,0,0,1,0
SRR2100393,0,1,1,1
SRR2100394,0,1,1,1
SRR2100395,0,1,1,1
SRR2100397,0,1,1,1
SRR2100398,1,0,1,1
SRR2100399,0,1,1,1
SRR2100400,0,0,0,0
SRR2100401,1,1,1,1
SRR2100402,0,0,1,1
SRR2100403,1,1,1,1
SRR2100404,1,1,1,1
SRR2100405,1,1,1,1
SRR2100406,1,1,1,1
SRR2100407,1,1,1,1
SRR2100408,1,1,1,1
SRR2100409,1,1,1,1
SRR2100410,1,1,1,1
SRR2100411,1,1,1,1
SRR2100412,1,1,1,1
SRR2100413,1,1,1,1
SRR2100414,1,1,1,1
SRR2100415,1,1,1,1
SRR2100416,1,1,1,1
SRR2100417,0,1,1,1
SRR2100418,1,1,1,1
SRR2100419,0,0,0,0
SRR2100420,1,1,1,1
SRR2100421,1,1,1,1
SRR2100422,1,1,1,1
SRR2100423,1,1,1,1
SRR2100424,1,1,1,1
SRR2100425,1,1,1,1
SRR2100426,1,1,1,1
SRR2100427,1,1,1,1
SRR2100428,1,1,1,1
SRR2100429,0,0,0,1
SRR2100430,1,1,1,1
SRR2100431,1,1,1,1
SRR2100432,0,0,1,0
SRR2100433,1,1,1,1
SRR2100434,1,1,1,1
SRR2100435,1,1,1,1
SRR2100436,1,1,1,1
SRR2100437,1,1,1,1
SRR2100438,1,1,1,1
SRR2100439,1,1,1,1
SRR2100440,1,1,1,1
SRR2100441,1,1,1,1
SRR2100442,1,1,1,1
SRR2100443,1,1,1,1
SRR2100444,1,1,1,1
SRR2100445,1,1,1,1
SRR2100446,0,1,1,1
SRR2100447,1,1,1,1
SRR2100448,1,1,1,1
SRR2100449,1,1,1,1
SRR2100450,1,1,1,1
SRR2100451,1,1,1,1
SRR2100452,1,1,1,1
SRR2100453,0,1,1,1
SRR2100454,1,1,1,1
SRR2100455,1,1,1,1
SRR2100456,1,1,1,1
SRR2100457,1,1,1,1
SRR2100458,1,1,1,1
SRR2100459,0,0,0,1
SRR2100460,1,1,1,1
SRR2100461,1,1,1,1
SRR2100462,1,1,1,1
SRR2100463,1,1,1,1
SRR2100464,1,1,1,1
SRR2100466,1,1,1,1
SRR2100467,1,1,1,1
SRR2100468,1,1,1,1
SRR2100469,1,1,1,1
SRR2100470,1,1,1,1
SRR2100471,1,1,1,1
SRR2100472,1,1,1,1
SRR2100473,1,1,1,1
SRR2100474,1,1,1,1
SRR2100475,1,1,1,1
SRR2100476,1,1,1,1
SRR2100477,1,1,1,1
SRR2100478,1,1,1,1
SRR2100479,1,1,1,1
SRR2100480,1,1,1,1
SRR2100481,1,1,1,1
SRR2100482,1,1,1,1
SRR2100483,1,1,1,1
SRR2100484,1,1,1,1
SRR2100485,1,1,1,1
SRR2100486,1,1,1,1
SRR2100487,1,1,1,1
SRR2100488,1,1,1,1
SRR2100489,1,1,1,1
SRR2100490,1,1,1,1
SRR2100491,1,1,1,1
SRR2100493,1,1,1,1
SRR2100494,1,1,1,1
SRR2100495,1,1,1,1
SRR2100496,1,1,1,1
SRR2100498,1,1,1,1
SRR2100499,0,1,1,1
SRR2100500,1,1,1,1
SRR2100501,1,1,1,1
SRR2100502,1,1,1,1
SRR2100503,1,1,1,1
SRR2100504,1,1,1,1
SRR2100505,1,1,1,1
SRR2100506,1,1,1,1
SRR2100507,1,1,1,1
SRR2100508,1,1,1,1
SRR2100509,1,1,1,1
SRR2100510,1,1,1,1
SRR2100511,1,1,1,1
SRR2100512,1,1,1,1
SRR2100513,1,1,1,1
SRR2100514,1,1,1,1
SRR2100515,1,1,1,1
SRR2100516,1,1,1,1
SRR2100517,1,1,1,1
SRR2100518,1,1,1,1
SRR2100519,1,1,1,1
SRR2100520,1,1,1,1
SRR2100521,1,1,1,1
SRR2100522,1,1,1,1
SRR2100523,1,1,1,1
SRR2100524,1,1,1,1
SRR2100525,1,1,1,1
SRR2100526,1,1,1,1
SRR2100527,1,1,1,1
SRR2100528,1,1,1,1
SRR2100529,1,1,1,1
SRR2100530,1,1,1,1
SRR2100531,1,1,1,1
SRR2100533,1,1,1,1
SRR2100534,1,1,1,1
SRR2100535,1,1,1,1
SRR2100536,1,1,1,1
SRR2100538,1,1,1,1
SRR2100539,1,1,1,1
SRR2100540,1,1,1,1
SRR2100541,1,1,1,1
SRR2100542,1,1,1,1
SRR2100543,1,1,1,1
SRR2100544,1,1,1,1
SRR2100545,1,1,1,1
SRR2100546,1,1,1,1
SRR2100547,1,1,1,1
SRR2100548,1,1,1,1
SRR2100550,1,1,1,1
SRR2100551,1,1,1,1
SRR2100552,1,1,1,1
SRR2100553,1,1,1,1
SRR2100554,1,1,1,1
SRR2100555,1,1,1,1
SRR2100556,1,1,1,1
SRR2100557,1,1,1,1
SRR2100558,1,1,1,1
SRR2100559,1,1,1,1
SRR2100560,1,1,1,1
SRR2100561,1,1,1,1
SRR2100562,1,1,1,1
SRR2100563,1,1,1,1
SRR2100564,1,1,1,1
SRR2100565,1,1,1,1
SRR2100566,1,1,1,1
SRR2100567,1,1,1,1
SRR2100568,1,1,1,1
SRR2100569,1,1,1,1
SRR2100570,1,1,1,1
SRR2100571,1,1,1,1
SRR2100572,1,1,1,1
SRR2100573,1,1,1,1
SRR2100574,1,1,1,1
SRR2100575,1,1,1,1
SRR2100576,1,1,1,1
SRR2100577,1,1,1,1
SRR2100578,1,1,1,1
SRR2100579,1,1,1,1
SRR2100580,1,1,1,1
SRR2100581,1,1,1,1
SRR2100582,1,1,1,1
SRR2100583,1,1,1,1
SRR2100584,1,1,1,1
SRR2100585,1,1,1,1
SRR2100586,1,1,1,1
SRR2100587,1,1,1,1
SRR2100588,1,1,1,1
SRR2100589,1,1,1,1
SRR2100590,1,1,1,1
SRR2100591,1,1,1,1
SRR2100592,1,1,1,1
SRR2100593,1,1,1,1
SRR2100594,1,1,1,1
SRR2100595,1,1,1,1
SRR2100596,1,1,1,1
SRR2100597,1,1,1,1
SRR2100598,1,1,1,1
SRR2100599,1,1,1,1
SRR2100600,1,1,1,1
SRR2100601,1,0,1,1
SRR2100602,1,1,1,1
SRR2100603,1,1,1,1
SRR2100604,1,1,1,1
SRR2100605,1,1,1,1
SRR2100606,1,1,1,1
SRR2100607,1,1,1,1
SRR2100608,1,1,1,1
SRR2100609,1,1,1,1
SRR2100610,1,1,1,1
SRR2100611,1,1,1,1
SRR2100612,1,1,1,1
SRR2100613,1,1,1,1
SRR2100614,1,1,1,1
SRR2100615,1,1,1,1
SRR2100616,1,1,1,1
SRR2100617,1,1,1,1
SRR2100618,1,1,1,1
SRR2100619,1,1,1,1
SRR2100620,1,1,1,1
SRR2100621,1,1,1,1
SRR2100622,1,1,1,1
SRR2100623,1,1,1,1
SRR2100624,1,1,1,1
SRR2100625,1,1,1,1
SRR2100626,1,1,1,1
SRR2100627,1,1,1,1
SRR2100628,1,1,1,1
SRR2100629,1,1,1,1
SRR2100630,1,1,1,1
SRR2100631,1,1,1,1
SRR2100632,1,1,1,1
SRR2100633,1,1,1,1
SRR2100634,1,1,1,1
SRR2100635,1,1,1,1
SRR2100636,1,1,1,1
SRR2100637,1,1,1,1
SRR2100638,1,1,1,1
SRR2100639,1,1,1,1
SRR2100640,1,1,1,1
SRR2100641,1,1,1,1
SRR2100642,1,1,1,1
SRR2100643,1,1,1,1
SRR2100644,1,1,1,1
SRR2100645,1,1,1,1
SRR2100646,1,1,1,1
SRR2100647,1,1,1,1
SRR2100648,1,1,1,1
SRR2100649,1,1,1,1
SRR2100650,1,1,1,1
SRR2100651,1,1,1,1
SRR2100652,1,1,1,1
SRR2100653,1,1,1,1
SRR2100654,1,1,1,1
SRR2100655,1,1,1,1
SRR2100656,1,1,1,1
SRR2100657,1,1,1,1
SRR2100658,1,1,1,1
SRR2100659,1,1,1,1
SRR2100660,1,1,1,1
SRR2100661,1,1,1,1
SRR2100662,1,1,1,1
SRR2100663,1,1,1,1
SRR2100664,1,1,1,1
SRR2100665,1,1,1,1
SRR2100666,1,1,1,1
SRR2100667,1,1,1,1
SRR2100668,1,1,1,1
SRR2100669,1,1,1,1
SRR2100670,1,1,1,1
SRR2100671,1,1,1,1
SRR2100672,1,1,1,1
SRR2100673,1,1,1,1
SRR2100674,1,1,1,1
SRR2100675,1,1,1,1
SRR2100676,1,1,1,1
SRR2100677,1,1,1,1
SRR2100678,1,1,1,1
SRR2100679,1,1,1,1
SRR2100680,1,1,1,1
SRR2100681,1,1,1,1
SRR2100682,1,1,1,1
SRR2100683,1,1,1,1
SRR2100684,1,1,1,1
SRR2100685,1,1,1,1
SRR2100686,1,1,1,1
SRR2100687,1,1,1,1
SRR2100688,1,1,1,1
SRR2100690,1,1,1,1
SRR2100691,1,1,1,1
SRR2100692,1,1,1,1
SRR2100693,1,1,1,1
SRR2100694,1,1,1,1
SRR2100695,1,1,1,1
SRR2100696,1,1,1,1
SRR2100697,1,1,1,1
SRR2100698,1,1,1,1
SRR2100699,1,1,1,1
SRR2100700,1,1,1,1
SRR2100701,1,1,1,1
SRR2100702,1,1,1,1
SRR2100703,1,1,1,1
SRR2100704,1,1,1,1
SRR2100705,0,1,1,1
SRR2100706,1,1,1,1
SRR2100707,1,1,1,1
SRR2100708,1,1,1,1
SRR2100709,1,1,1,1
SRR2100710,1,1,1,1
SRR2100711,1,1,1,1
SRR2100712,1,1,1,1
SRR2100713,1,1,1,1
SRR2100714,1,1,1,1
SRR2100715,1,1,1,1
SRR2100716,1,1,1,1
SRR2100717,1,1,1,1
SRR2100718,1,1,1,1
SRR2100719,1,1,1,1
SRR2100720,1,1,1,1
SRR2100722,1,1,1,1
SRR2100723,1,1,1,1
SRR2100724,1,1,1,1
SRR2100725,1,1,1,1
SRR2100726,1,1,1,1
SRR2100727,1,1,1,1
SRR2100728,1,1,1,1
SRR2100729,1,1,1,1
SRR2100730,1,1,1,1
SRR2100731,1,1,1,1
SRR2100732,1,1,1,1
SRR2100733,1,1,1,1
SRR2100734,1,1,1,1
SRR2100735,1,1,1,1
SRR2100736,1,1,1,1
SRR2100737,1,1,1,1
SRR2100738,1,1,1,1
SRR2100739,0,1,1,1
SRR2100740,0,0,0,1
SRR2100741,1,1,1,1
SRR2100742,1,1,1,1
SRR2100744,1,1,1,1
SRR2100745,1,1,1,1
SRR2100746,1,1,1,1
SRR2100747,1,1,1,1
SRR2100748,1,1,1,1
SRR2100749,1,1,1,1
SRR2100750,1,1,1,1
SRR2100751,1,1,1,1
SRR2100752,1,1,1,1
SRR2100753,1,1,1,1
SRR2100754,1,1,1,1
SRR2100755,1,1,1,1
SRR2100756,1,1,1,1
SRR2100758,1,1,1,1
SRR2100759,1,1,1,1
SRR2100760,1,1,1,1
SRR2100761,1,1,1,1
SRR2100762,1,1,1,1
SRR2100763,1,1,1,1
SRR2100764,1,1,1,1
SRR2100765,1,1,1,1
SRR2100766,1,1,1,1
SRR2100767,1,1,1,1
SRR2100768,1,1,1,1
SRR2100769,1,1,1,1
SRR2100770,1,1,1,1
SRR2100771,1,1,1,1
SRR2100772,1,1,1,1
SRR2100773,1,1,1,1
SRR2100774,1,1,1,1
SRR2100775,1,1,1,1
SRR2100776,1,1,1,1
SRR2100777,1,1,1,1
SRR2100778,1,1,1,1
SRR2100779,1,1,1,1
SRR2100780,1,1,1,1
SRR2100781,1,1,1,1
SRR2100782,1,1,1,1
SRR2100783,1,1,1,1
SRR2100784,1,1,1,1
SRR2100785,1,1,1,1
SRR2100786,1,1,1,1
SRR2100787,1,1,1,1
SRR2100788,1,1,1,1
SRR2100789,1,1,1,1
SRR2100790,1,1,1,1
SRR2100791,1,1,1,1
SRR2100792,1,1,1,1
SRR2100793,1,1,1,1
SRR2100794,1,1,1,1
SRR2100795,1,1,1,1
SRR2100796,1,1,1,1
SRR2100797,1,1,1,1
SRR2100798,1,1,1,1
SRR2100799,1,1,1,1
SRR2100800,1,1,1,1
SRR2100801,1,1,1,1
SRR2100802,1,1,1,1
SRR2100803,0,0,1,1
SRR2100804,1,1,1,1
SRR2100805,1,1,1,1
SRR2100806,1,1,1,1
SRR2100807,1,1,1,1
SRR2100808,1,1,1,1
SRR2100809,1,1,1,1
SRR2100810,1,1,1,1
SRR2100811,1,1,1,1
SRR2100812,1,1,1,1
SRR2100813,1,1,1,1
SRR2100814,1,1,1,1
SRR2100815,1,1,1,1
SRR2100816,1,1,1,1
SRR2100817,1,1,1,1
SRR2100818,1,1,1,1
SRR2100819,1,1,1,1
SRR2100820,1,1,1,0
SRR2100821,1,1,1,0
SRR2100822,0,1,1,1
SRR2100823,0,1,1,1
SRR2100824,1,1,1,1
SRR2100825,1,1,1,0
SRR2100826,1,1,0,1
SRR2100827,0,1,1,1
SRR2100828,0,0,1,1
SRR2100829,0,1,1,1
SRR2100830,0,0,0,0
SRR2100831,0,1,1,1
SRR2100832,0,1,1,1
SRR2100833,0,1,1,1
SRR2100834,1,1,1,1
SRR2100835,1,1,1,1
SRR2100836,0,0,1,1
SRR2100837,0,1,1,1
SRR2100838,0,0,1,1
SRR2100839,1,0,1,1
SRR2100840,0,1,1,1
SRR2100841,0,1,1,1
SRR2100842,0,0,1,1
SRR2100843,0,1,1,1
SRR2100844,1,1,1,0
SRR2100845,0,1,1,1
SRR2100846,0,1,1,1
SRR2100847,1,1,1,0
SRR2100848,0,0,1,1
SRR2100849,0,1,1,1
SRR2100850,0,1,1,1
SRR2100851,0,1,1,1
SRR2100852,0,1,1,1
SRR2100853,0,1,1,1
SRR2100854,0,0,1,1
SRR2100855,0,0,1,1
SRR2100856,1,1,1,1
SRR2100857,1,1,1,1
SRR2100858,1,1,1,1
SRR2100859,0,1,1,1
SRR2100860,1,1,1,1
SRR2100861,1,1,1,1
SRR2100862,1,1,1,1
SRR2100863,1,1,1,1
SRR2100864,1,1,1,1
SRR2100865,1,1,1,1
SRR2100866,0,1,1,1
SRR2100867,1,1,1,1
SRR2100868,0,1,1,1
SRR2100869,0,0,0,1
SRR2100870,0,0,0,1
SRR2100871,0,1,1,1
SRR2100872,0,1,1,1
SRR2100873,0,0,0,1
SRR2100874,0,1,1,1
SRR2100875,0,1,1,1
SRR2100876,0,1,1,1
SRR2100878,0,1,1,1
SRR2100879,0,1,1,1
SRR2100880,0,0,1,1
SRR2100881,0,1,1,1
SRR2100882,0,1,1,1
SRR2100883,0,1,1,1
SRR2100885,0,1,1,1
SRR2100886,0,1,1,1
SRR2100887,0,1,1,1
SRR2100888,0,1,1,1
SRR2100889,0,0,0,1
SRR2100890,0,0,1,0
SRR2100892,0,1,1,1
SRR2100893,1,1,1,1
SRR2100894,0,1,1,1
SRR2100895,1,0,1,1
SRR2100896,1,1,1,0
SRR2100897,0,1,1,1
SRR2100898,0,1,1,1
SRR2100899,1,1,1,1
SRR2100900,0,1,1,1
SRR2100902,0,1,1,1
SRR2100903,0,1,1,1
SRR2100904,0,0,1,1
SRR2100905,0,1,1,1
SRR2100906,0,0,1,1
SRR2100908,0,1,1,1
SRR2100909,0,0,0,0
SRR2100911,0,0,0,1
SRR2100912,0,0,1,1
SRR2100913,1,1,1,1
SRR2100914,0,0,1,1
SRR2100915,0,1,1,1
SRR2100916,0,1,1,1
SRR2100917,0,1,1,1
SRR2100919,0,1,1,1
SRR2100920,0,0,0,1
SRR2100921,0,0,1,0
SRR2100922,1,1,1,1
SRR2100923,1,0,1,0
SRR2100924,1,1,1,1
SRR2100925,0,0,1,1
SRR2100926,1,1,1,1
SRR2100927,1,1,1,1
SRR2100928,1,1,1,1
SRR2100929,1,1,1,1
SRR2100930,1,1,1,1
SRR2100931,1,1,1,1
SRR2100932,1,1,1,1
SRR2100933,1,1,1,1
SRR2100934,1,1,1,1
SRR2100935,1,1,1,1
SRR2100936,1,1,1,1
SRR2100937,1,1,1,1
SRR2100938,1,1,1,1
SRR2100939,1,1,1,1
SRR2100940,1,1,1,1
SRR2100941,1,1,1,1
SRR2100942,1,1,1,1
SRR2100943,1,1,1,1
SRR2100944,1,1,1,1
SRR2100945,1,1,1,1
SRR2100946,1,1,1,1
SRR2100947,1,1,1,1
SRR2100948,1,1,1,1
SRR2100949,1,1,1,1
SRR2100950,0,0,0,0
SRR2100951,1,1,1,1
SRR2100952,1,1,1,1
SRR2100953,1,1,1,1
SRR2100954,1,1,1,1
SRR2100955,1,1,1,1
SRR2100956,1,1,1,1
SRR2100957,1,1,1,1
SRR2100958,1,1,1,1
SRR2100959,1,1,1,1
SRR2100960,1,1,1,1
SRR2100961,1,1,1,1
SRR2100962,1,1,1,1
SRR2100963,1,1,1,1
SRR2100964,1,1,1,1
SRR2100965,1,1,1,1
SRR2100966,1,1,1,1
SRR2100967,1,1,1,1
SRR2100968,1,1,1,1
SRR2100969,1,1,1,1
SRR2100970,1,1,1,1
SRR2100971,1,1,1,1
SRR2100972,1,1,1,1
SRR2100973,1,1,1,1
SRR2100974,1,1,1,1
SRR2100975,1,1,1,1
SRR2100976,1,1,1,1
SRR2100977,1,1,1,1
SRR2100978,1,1,1,1
SRR2100979,1,1,1,1
SRR2100980,1,1,1,1
SRR2100981,1,1,1,1
SRR2100982,1,1,1,1
SRR2100983,1,1,1,1
SRR2100984,1,1,1,1
SRR2100985,1,1,1,1
SRR2100986,1,1,1,1
SRR2100987,1,1,1,1
SRR2100988,1,1,1,1
SRR2100989,1,1,1,1
SRR2100990,1,1,1,1
SRR2100991,1,1,1,1
SRR2100992,1,1,1,1
SRR2100993,1,1,1,1
SRR2100994,1,1,1,1
SRR2100995,1,1,1,1
SRR2100996,1,1,1,1
SRR2100997,1,1,1,1
SRR2100999,1,1,1,1
SRR2101000,1,1,1,1
SRR2101001,1,1,1,1
SRR2101002,1,1,1,1
SRR2101003,1,1,1,1
SRR2101004,1,1,1,1
SRR2101005,1,1,1,1
SRR2101006,1,1,1,1
SRR2101007,1,1,1,1
SRR2101008,1,1,1,1
SRR2101009,1,1,1,1
SRR2101010,1,1,1,1
SRR2101011,1,1,1,1
SRR2101012,1,1,1,1
SRR2101013,1,1,1,1
SRR2101014,1,1,1,1
SRR2101015,1,1,1,1
SRR2101016,1,1,1,1
SRR2101017,1,1,1,1
SRR2101018,1,1,1,1
SRR2101019,1,1,1,1
SRR2101020,1,1,1,1
SRR2101021,0,0,1,1
SRR2101022,1,1,1,1
SRR2101023,0,0,1,0
SRR2101024,0,1,1,1
SRR2101025,1,1,1,1
SRR2101026,1,1,1,1
SRR2101027,1,1,1,1
SRR2101028,1,1,1,1
SRR2101030,1,1,1,1
SRR2101031,1,1,1,1
SRR2101032,1,1,1,1
SRR2101033,1,1,1,1
SRR2101034,1,1,1,1
SRR2101035,1,1,1,1
SRR2101036,1,1,1,1
SRR2101037,1,1,0,1
SRR2101038,1,1,1,1
SRR2101040,1,1,1,1
SRR2101041,1,1,1,1
SRR2101042,1,1,1,1
SRR2101043,1,1,1,1
SRR2101044,1,1,1,1
SRR2101045,1,1,1,1
SRR2101046,1,1,1,1
SRR2101047,1,1,1,1
SRR2101048,1,1,1,1
SRR2101049,1,1,1,1
SRR2101050,1,1,1,1
SRR2101051,1,1,1,1
SRR2101052,1,1,1,1
SRR2101054,1,1,1,1
SRR2101055,0,0,0,0
SRR2101056,1,1,1,1
SRR2101057,1,1,1,1
SRR2101058,1,1,1,1
SRR2101059,1,1,1,1
SRR2101060,1,1,1,1
SRR2101061,1,1,1,1
SRR2101062,1,1,1,1
SRR2101064,1,1,1,1
SRR2101065,0,1,1,1
SRR2101067,1,1,1,1
SRR2101068,1,1,1,1
SRR2101069,1,1,1,1
SRR2101070,1,1,1,1
SRR2101071,1,1,1,1
SRR2101072,1,1,1,1
SRR2101073,1,1,1,1
SRR2101074,1,1,1,1
SRR2101075,1,1,1,1
SRR2101077,0,1,1,1
SRR2101078,1,1,1,1
SRR2101079,1,1,1,1
SRR2101080,1,1,1,1
SRR2101081,1,1,1,1
SRR2101082,1,1,1,1
SRR2101083,1,1,1,1
SRR2101084,1,1,1,1
SRR2101085,1,1,1,1
SRR2101086,1,1,1,1
SRR2101088,1,1,1,1
SRR2101089,1,1,1,1
SRR2101090,1,1,1,1
SRR2101091,1,1,1,1
SRR2101092,1,1,1,1
SRR2101093,1,1,1,1
SRR2101094,1,1,1,1
SRR2101095,1,1,1,1
SRR2101096,1,1,1,1
SRR2101097,1,1,1,1
SRR2101098,1,1,1,1
SRR2101099,1,1,1,1
SRR2101100,1,1,1,1
SRR2101101,1,1,1,1
SRR2101102,1,1,1,1
SRR2101104,1,1,1,1
SRR2101105,1,1,1,1
SRR2101107,1,1,1,1
SRR2101108,1,1,1,1
SRR2101109,1,1,1,1
SRR2101110,1,1,1,1
SRR2101111,1,1,1,1
SRR2101112,1,1,1,1
SRR2101113,1,1,1,1
SRR2101114,1,1,1,1
SRR2101115,1,1,1,1
SRR2101116,1,1,1,1
SRR2101117,1,1,1,1
SRR2101118,1,1,1,1
SRR2101119,1,1,1,1
SRR2101120,1,1,1,1
SRR2101121,1,1,1,1
SRR2101122,1,1,1,1
SRR2101123,1,1,1,1
SRR2101124,1,1,1,1
SRR2101125,1,1,1,1
SRR2101126,1,1,1,1
SRR2101127,1,1,1,1
SRR2101128,1,1,1,1
SRR2101129,1,1,1,1
SRR2101130,1,1,1,1
SRR2101131,1,1,1,1
SRR2101132,1,1,1,1
SRR2101133,1,1,1,1
SRR2101134,1,1,1,1
SRR2101135,1,1,1,1
SRR2101136,1,1,1,1
SRR2101137,1,1,1,1
SRR2101138,1,1,1,1
SRR2101139,1,1,1,1
SRR2101140,1,1,1,1
SRR2101141,1,1,1,1
SRR2101142,1,1,1,1
SRR2101143,1,1,1,1
SRR2101144,1,1,1,1
SRR2101145,1,1,1,1
SRR2101146,1,1,1,1
SRR2101147,1,1,1,1
SRR2101148,1,1,1,1
SRR2101149,1,1,1,1
SRR2101150,1,1,1,1
SRR2101151,1,1,1,1
SRR2101152,1,1,1,1
SRR2101153,1,1,1,1
SRR2101154,1,1,1,1
SRR2101155,1,1,1,1
SRR2101156,1,1,1,1
SRR2101157,1,1,1,1
SRR2101158,1,1,1,1
SRR2101159,1,1,1,1
SRR2101160,1,1,1,1
SRR2101161,1,1,1,1
SRR2101162,1,1,1,1
SRR2101163,1,1,1,1
SRR2101164,1,1,1,1
SRR2101165,1,1,1,1
SRR2101166,1,1,1,1
SRR2101167,1,1,1,1
SRR2101168,1,1,1,1
SRR2101169,1,1,1,1
SRR2101170,1,1,1,1
SRR2101171,1,1,1,1
SRR2101172,1,1,1,1
SRR2101173,1,1,1,1
SRR2101174,1,1,1,1
SRR2101175,1,1,1,1
SRR2101176,1,1,1,1
SRR2101177,1,1,1,1
SRR2101178,1,1,1,1
SRR2101179,1,1,1,1
SRR2101180,1,1,1,1
SRR2101181,1,1,1,1
SRR2101182,1,1,1,1
SRR2101183,1,1,1,1
SRR2101184,1,1,1,1
SRR2101185,1,1,1,1
SRR2101186,1,1,1,1
SRR2101187,1,1,1,1
SRR2101188,1,1,1,1
SRR2101189,1,1,1,1
SRR2101190,1,1,1,1
SRR2101191,1,1,1,1
SRR2101192,1,1,1,1
SRR2101193,1,1,1,1
SRR2101194,1,1,1,1
SRR2101195,1,1,1,1
SRR2101196,1,1,1,1
SRR2101197,1,1,1,1
SRR2101198,1,1,1,1
SRR2101199,1,1,1,1
SRR2101200,1,1,1,1
SRR2101201,1,1,1,1
SRR2101202,1,1,1,1
SRR2101203,1,1,1,1
SRR2101204,1,1,1,1
SRR2101205,1,1,1,1
SRR2101206,1,1,1,1
SRR2101207,1,1,1,1
SRR2101208,1,1,1,1
SRR2101209,1,1,1,1
SRR2101210,1,1,1,1
SRR2101211,1,1,1,1
SRR2101212,1,1,1,1
SRR2101213,1,1,1,1
SRR2101214,1,1,1,1
SRR2101215,1,1,1,1
SRR2101216,1,1,1,1
SRR2101217,1,1,1,1
SRR2101218,1,1,1,1
SRR2101219,1,1,1,1
SRR2101220,1,1,1,1
SRR2101221,1,1,1,1
SRR2101222,1,1,1,1
SRR2101223,1,1,1,1
SRR2101224,1,1,1,1
SRR2101225,1,1,1,1
SRR2101226,1,1,1,1
SRR2101227,1,1,1,1
SRR2101228,1,1,1,1
SRR2101229,1,1,1,1
SRR2101230,1,1,1,1
SRR2101231,1,1,1,1
SRR2101232,1,1,1,1
SRR2101233,1,1,1,1
SRR2101234,1,1,1,1
SRR2101236,1,1,1,1
SRR2101237,1,1,1,1
SRR2101238,1,1,1,1
SRR2101239,1,1,1,1
SRR2101240,0,1,1,1
SRR2101241,1,1,1,1
SRR2101242,1,1,1,1
SRR2101243,1,1,1,1
SRR2101247,1,1,1,1
SRR2101248,1,1,1,1
SRR2101249,1,1,1,1
SRR2101250,1,1,1,1
SRR2101251,1,1,1,1
SRR2101252,1,1,1,1
SRR2101253,1,1,1,1
SRR2101254,1,1,1,1
SRR2101255,1,1,1,1
SRR2101256,1,1,1,1
SRR2101257,1,1,1,1
SRR2101258,0,1,1,1
SRR2101259,0,1,1,1
SRR2101260,1,1,1,1
SRR2101261,1,0,0,0
SRR2101262,1,1,1,0
SRR2101264,1,1,1,1
SRR2101265,1,1,1,1
SRR2101266,1,1,1,1
SRR2101267,1,1,1,1
SRR2101268,1,1,1,1
SRR2101269,1,1,1,1
SRR2101270,1,1,1,1
SRR2101272,1,1,1,1
SRR2101273,1,1,1,1
SRR2101274,1,1,1,1
SRR2101275,1,1,1,1
SRR2101276,1,1,1,1
SRR2101277,1,1,1,1
SRR2101278,1,1,1,1
SRR2101279,1,1,1,1
SRR2101280,1,1,1,1
SRR2101281,1,1,1,1
SRR2101282,1,1,1,1
SRR2101283,1,1,1,1
SRR2101284,1,1,1,1
SRR2101285,1,1,1,1
SRR2101286,1,1,1,1
SRR2101287,1,1,1,1
SRR2101288,1,1,1,1
SRR2101289,1,1,1,1
SRR2101290,1,1,1,0
SRR2101291,1,1,1,1
SRR2101292,1,1,1,1
SRR2101293,1,1,1,1
SRR2101294,1,1,1,1
SRR2101295,1,1,1,1
SRR2101296,1,1,1,1
SRR2101297,1,1,1,1
SRR2101298,1,1,1,1
SRR2101299,1,1,1,1
SRR2101300,1,1,1,1
SRR2101301,1,1,1,1
SRR2101302,1,1,1,1
SRR2101303,1,1,1,1
SRR2101304,1,1,1,0
SRR2101305,1,1,1,1
SRR2101306,0,1,1,1
SRR2101307,0,0,1,0
SRR2101308,1,1,1,1
SRR2101309,0,1,1,1
SRR2101310,1,1,1,1
SRR2101311,0,1,1,1
SRR2101313,1,1,1,1
SRR2101314,1,1,1,1
SRR2101315,1,1,1,1
SRR2101316,0,1,1,0
SRR2101317,1,1,1,1
SRR2101318,1,1,1,1
SRR2101319,1,1,1,1
SRR2101320,1,1,1,1
SRR2101321,1,1,1,1
SRR2101322,1,1,1,1
SRR2101323,1,1,1,1
SRR2101324,1,1,1,1
SRR2101325,1,1,1,1
SRR2101326,1,1,1,1
SRR2101327,1,1,1,1
SRR2101328,1,1,1,1
SRR2101329,1,1,1,1
SRR2101330,1,1,1,1
SRR2101331,1,1,1,1
SRR2101332,1,1,1,1
SRR2101333,1,1,1,1
SRR2101334,1,1,1,1
SRR2101335,1,1,1,1
SRR2101336,1,1,1,1
SRR2101337,1,1,1,1
SRR2101338,1,1,1,1
SRR2101339,1,1,1,1
SRR2101340,1,1,1,1
SRR2101341,1,1,1,1
SRR2101342,0,1,1,1
SRR2101343,1,1,1,1
SRR2101344,0,0,1,0
SRR2101345,1,1,1,1
SRR2101346,1,1,1,1
SRR2101347,1,1,1,1
SRR2101348,1,1,1,1
SRR2101349,0,1,1,1
SRR2101350,1,1,1,1
SRR2101351,0,1,1,0
SRR2101352,1,1,1,1
SRR2101354,1,1,1,1
SRR2101356,1,1,1,1
SRR2101357,1,1,1,0
SRR2101360,0,0,0,1
SRR2101361,1,1,1,1
SRR2101362,1,1,1,1
SRR2101363,1,1,1,1
SRR2101364,1,1,1,1
SRR2101365,1,1,1,1
SRR2101366,1,0,0,1
SRR2101368,0,1,1,1
SRR2101370,1,1,1,1
SRR2101371,1,1,1,1
SRR2101372,1,1,1,1
SRR2101373,1,0,1,1
SRR2101374,1,1,1,1
SRR2101375,1,1,1,1
SRR2101377,1,1,1,1
SRR2101381,1,1,1,1
SRR2101382,1,1,1,1
SRR2101384,0,0,0,0
SRR2101385,1,1,1,1
SRR2101387,1,1,1,1
SRR2101391,1,1,1,1
SRR2101394,1,1,1,1
SRR2101399,1,1,1,1
SRR2101400,1,1,1,1
SRR2101401,1,1,1,1
SRR2101402,1,1,1,1
SRR2101404,1,1,1,1
SRR2101405,0,0,1,1
SRR2101406,1,1,1,1
SRR2101408,1,1,1,1
SRR2101409,1,1,1,1
SRR2101410,1,1,1,1
SRR2101415,0,1,1,1
SRR2101418,1,1,1,1
SRR2101419,1,1,1,1
SRR2101421,1,1,1,1
SRR2101422,1,1,1,1
SRR2101425,1,1,1,1
SRR2101427,1,0,1,1
SRR2101428,1,1,1,1
SRR2101429,1,1,1,1
SRR2101431,1,1,1,1
SRR2101432,1,1,1,1
SRR2101433,1,1,1,1
SRR2101434,1,1,1,1
SRR2101435,1,1,1,1
SRR2101439,1,1,1,1
SRR2101440,1,1,1,1
SRR2101441,1,1,1,1
SRR2101443,0,1,1,1
SRR2101444,1,1,1,1
SRR2101445,1,1,1,1
SRR2101446,1,1,1,1
SRR2101447,1,1,1,1
SRR2101449,1,1,1,1
SRR2101455,1,1,1,1
SRR2101456,1,1,1,1
SRR2101457,1,1,1,0
SRR2101458,1,1,1,1
SRR2101459,1,1,1,1
SRR2101460,1,0,1,1
SRR2101461,1,1,1,1
SRR2101463,1,1,1,1
SRR2101464,1,1,1,1
SRR2101465,1,1,1,1
SRR2101466,1,1,1,1
SRR2101467,0,1,0,0
SRR2101468,1,1,1,1
SRR2101469,0,1,1,1
SRR2101470,0,0,1,1
SRR2101472,1,1,1,1
SRR2101474,1,1,1,1
SRR2101475,1,1,1,1
SRR2101476,1,1,1,1
SRR2101477,1,1,1,1
SRR2101478,1,1,1,1
SRR2101479,1,1,1,1
SRR2101480,1,1,1,1
SRR2101481,1,1,1,1
SRR2101483,1,1,1,1
SRR2101484,1,1,1,1
SRR2101485,1,1,1,1
SRR2101488,1,1,1,1
SRR2101489,1,1,1,1
SRR2101493,0,1,1,0
SRR2101494,1,1,1,1
SRR2101495,1,0,1,1
SRR2101496,1,1,1,1
SRR2101497,1,1,1,1
SRR2101500,1,1,1,1
SRR2101503,1,1,1,1
SRR2101507,1,1,1,1
SRR2101508,1,1,1,1
SRR2101509,1,1,1,1
SRR2101511,1,1,1,0
SRR2101512,1,1,1,1
SRR2101513,1,1,1,1
SRR2101515,1,1,1,1
SRR2101516,0,1,1,1
SRR2101517,1,1,1,1
SRR2101518,1,1,1,1
SRR2101519,0,1,1,0
SRR2101520,1,1,1,1
SRR2101523,1,1,1,1
SRR2101525,1,1,1,1
SRR2101526,1,1,1,1
SRR2101527,1,1,1,1
SRR2101528,1,1,1,1
SRR2101530,0,1,1,1
SRR2101533,1,1,1,1
SRR2101534,1,1,1,1
SRR2101537,1,1,1,1
SRR2101538,1,1,1,1
SRR2101539,0,1,0,0
SRR2101541,0,1,1,1
SRR2101542,1,1,1,1
SRR2101544,1,1,1,1
SRR2101545,1,1,1,1
SRR2101547,1,1,1,1
SRR2101548,1,1,1,1
SRR2101550,1,1,1,1
SRR2101554,1,1,1,1
SRR2101555,0,0,1,0
SRR2101556,1,1,1,1
SRR2101557,1,1,1,1
SRR2101559,1,1,1,1
SRR2101560,1,1,1,1
SRR2101561,1,1,1,1
SRR2101562,1,0,1,1
SRR2101567,1,1,1,1
SRR2101568,1,1,1,1
SRR2101570,1,1,1,1
SRR2101574,0,0,0,0
SRR2101575,1,1,1,1
SRR2101576,1,1,1,1
SRR2101577,1,1,1,1
SRR2101578,1,1,1,1
SRR2101579,0,1,1,1
SRR2101581,1,1,1,0
SRR2101583,1,1,1,1
SRR2101584,1,1,1,1
SRR2101585,1,1,1,0
SRR2101588,1,1,1,1
SRR2101591,1,1,1,1
SRR2101592,1,1,1,1
SRR2101593,1,1,1,1
SRR2101594,1,1,1,1
SRR2101596,1,1,1,1
SRR2101597,0,0,0,0
SRR2101598,0,0,1,0
SRR2101599,1,1,1,1
SRR2101600,1,1,1,1
SRR2101601,1,1,1,1
SRR2101602,1,1,1,1
SRR2101603,1,1,1,1
SRR2101604,1,1,1,1
SRR2101606,1,1,1,1
SRR2101608,1,1,1,1
SRR2101609,1,1,1,1
SRR2101610,1,1,1,1
SRR2101611,1,1,1,1
SRR2101612,1,1,1,1
SRR2101613,1,1,1,1
SRR2101614,0,1,1,1
SRR2101615,1,1,1,1
SRR2101616,1,1,1,1
SRR2101618,1,1,1,1
SRR2101619,1,1,1,1
SRR2101620,1,1,1,1
SRR2101621,1,1,1,1
SRR2101622,1,1,1,1
SRR2101623,1,0,1,1
SRR2101624,1,1,1,1
SRR2101626,1,1,1,1
SRR2101629,0,1,1,1
SRR2101630,1,1,1,1
SRR2101631,1,1,1,1
SRR2101632,1,1,1,1
SRR2101633,1,1,1,1
SRR2101634,0,1,1,1
SRR2101635,0,1,1,1
SRR2101638,1,1,1,1
SRR2101639,0,1,1,1
SRR2101640,1,1,1,1
SRR2101641,1,0,1,1
SRR2101642,1,1,1,1
SRR2101644,1,1,1,1
SRR2101645,1,1,1,1
SRR2101646,1,1,1,1
SRR2101648,1,1,1,1
SRR2101649,1,1,1,1
SRR2101650,0,1,1,1
SRR2101652,1,1,1,1
SRR2101653,0,1,1,1
SRR2101654,1,1,1,1
SRR2101655,1,1,1,1
SRR2101656,1,1,1,0
SRR2101657,1,1,1,1
SRR2101660,1,1,1,1
SRR2101664,1,1,1,0
SRR2101667,1,1,1,1
SRR2101668,1,1,1,1
SRR2101669,1,1,1,1
SRR2101670,1,1,1,1
SRR2101672,1,1,1,1
SRR2101673,1,1,1,1
SRR2101674,1,1,1,1
SRR2101675,0,0,1,1
SRR2101676,1,1,1,1
SRR2101677,1,1,1,1
SRR2101679,1,1,1,1
SRR2101680,0,1,1,1
SRR2101682,1,1,1,1
SRR2101683,0,1,1,1
SRR2101686,0,1,1,1
SRR2101687,1,1,1,1
SRR2101688,1,1,1,1
SRR2101690,0,0,1,1
SRR2101692,1,1,1,1
SRR2101694,1,1,1,1
SRR2101695,1,1,1,1
SRR2101696,1,1,1,1
SRR2101698,1,1,1,1
SRR2101699,1,1,1,1
SRR2101700,1,1,1,1
SRR2101701,0,1,1,1
SRR2101702,1,1,1,1
SRR2101703,1,1,1,1
SRR2101704,1,1,1,1
SRR2101705,1,1,1,1
SRR2101706,1,1,1,1
SRR2101707,1,1,1,1
SRR2101708,1,0,1,1
SRR2101710,1,1,1,1
SRR2101712,1,1,1,0
SRR2101713,1,1,1,1
SRR2101714,1,1,1,1
SRR2101715,1,1,1,1
SRR2101716,1,1,1,1
SRR2101717,1,1,1,1
SRR2101718,1,1,1,1
SRR2101719,1,1,1,1
SRR2101720,1,1,1,1
SRR2101722,1,1,1,1
SRR2101723,1,1,1,1
SRR2101724,1,1,1,1
SRR2101725,1,1,1,1
SRR2101726,1,1,1,1
SRR2101727,1,1,1,1
SRR2101728,1,1,1,1
SRR2101729,1,1,1,1
SRR2101731,0,0,1,0
SRR2101732,1,1,0,1
SRR2101733,1,1,1,0
SRR2101734,1,1,1,1
SRR2101735,1,1,1,1
SRR2101736,1,1,1,1
SRR2101737,1,1,1,1
SRR2101738,1,1,1,1
SRR2101739,1,1,1,1
SRR2101740,1,1,1,1
SRR2101741,0,1,1,1
SRR2101742,1,1,1,1
SRR2101744,1,1,1,1
SRR2101745,1,1,1,1
SRR2101746,1,1,1,1
SRR2101747,1,1,1,1
SRR2101748,1,1,1,1
SRR2101749,1,1,1,1
SRR2101750,1,1,1,1
SRR2101751,1,1,1,1
SRR2101752,1,1,1,1
SRR2101753,0,0,1,1
SRR2101754,1,0,1,1
SRR2101755,1,1,1,1
SRR2101756,1,1,1,1
SRR2101757,0,0,0,0
SRR2101759,1,1,1,1
SRR2101760,1,1,1,1
SRR2101762,1,1,1,1
SRR2101763,0,0,1,0
SRR2101764,1,1,1,1
SRR2101765,1,1,1,1
SRR2101766,1,1,1,1
SRR2101768,1,1,1,1
SRR2101769,1,1,1,1
SRR2101770,1,1,1,1
SRR2101771,0,1,1,1
SRR2101772,1,1,1,1
SRR2101775,0,0,1,1
SRR2101776,1,1,1,1
SRR2101777,1,1,1,1
SRR2101778,1,1,1,1
SRR2101779,1,1,1,1
SRR2101780,1,1,1,1
SRR2101781,1,1,1,1
SRR2101782,1,1,1,1
SRR2101783,1,1,1,1
SRR2101784,1,1,1,1
SRR2101785,1,1,1,1
SRR2101787,1,1,1,1
SRR2101788,1,1,1,1
SRR2101789,1,1,1,1
SRR2101790,1,1,1,1
SRR2101791,1,1,1,1
SRR2101792,1,1,1,1
SRR2101793,1,1,1,1
SRR2101794,1,1,1,1
SRR2101797,1,1,1,1
SRR2101798,0,1,1,1
SRR2101799,1,1,1,1
SRR2101800,1,1,1,1
SRR2101801,1,1,1,1
SRR2101804,1,1,1,1
SRR2101805,1,1,1,1
SRR2101807,1,1,1,1
SRR2101808,1,1,1,1
SRR2101809,1,1,1,1
SRR2101810,1,1,1,1
SRR2101811,1,1,1,1
SRR2101812,1,1,1,1
SRR2101813,1,1,1,0
SRR2101814,1,1,1,1
SRR2101815,1,1,1,1
SRR2101817,1,1,1,1
SRR2101818,1,1,1,1
SRR2101820,1,1,1,1
SRR2101821,1,1,1,1
SRR2101822,1,1,1,1
SRR2101823,1,1,1,1
SRR2101824,1,1,1,1
SRR2101825,1,1,1,1
SRR2101826,1,1,1,1
SRR2101828,1,1,1,1
SRR974700,0,1,0,1
SRR993002,0,1,1,1
SRR993140,1,1,1,1
SRR998140,1,1,1,1
SRR998856,0,0,0,0
SRR998857,0,0,0,0
SRR998858,1,1,1,1
SRR998859,1,1,1,1
SRR998860,0,0,0,0
SRR998861,0,0,1,0
SRS551655,0,0,0,0
SRS551689,1,1,1,1
SRS551701,0,0,0,0
SRS551704,0,0,0,0
SRS551735,0,0,0,0
SRS551767,0,0,1,1
SRS551778,0,0,0,0
SRS551840,0,0,0,0
SRS551873,1,1,1,1
SRS551892,0,0,0,0
SRS551931,1,1,1,1
SRS551954,0,0,0,0
SRS551989,0,0,0,0
SRS552098,0,0,0,0
SRS552249,0,0,0,0
SRS552266,0,0,0,0
SRS552270,0,0,0,0
SRS553835,0,0,0,0
SRS553840,0,0,0,0
SRS553852,0,0,0,0
SRS553869,0,0,0,0
SRS553895,0,0,0,0
SRS553898,1,1,1,1
SRS553899,0,0,0,0
SRS553912,0,0,0,0
SRS553915,0,0,0,0
SRS553924,0,0,0,0
SRS553927,0,0,0,0
SRS553929,0,0,0,0
SRS553931,0,0,0,0
SRS553986,0,0,0,0
SRS553991,1,1,1,1
